headline,url,author,pubdate,video
Oregon Football: Fast and loud,http://registerguard.com/rg/video/36577669-319/oregon-football-fast-and-loud.html.csp,Chris Pietsch,2018-03-22 17:32:01,https://youtu.be/QB45uARFxNs
Bike wheels keep on turning,http://registerguard.com/rg/video/36559697-319/bike-wheels-keep-on-turning.html.csp,Kelly Lyon,2018-03-17 09:37:01,https://youtu.be/2B_PNs0htDw
Ducks try to impress at Pro Day,http://registerguard.com/rg/video/36554404-319/ducks-try-to-impress-at-pro-day.html.csp,Andy Nelson,2018-03-15 18:30:01,https://youtu.be/pUamtf3vsQc
NCAA Basketball and Play-dough,http://registerguard.com/rg/video/36554086-319/ncaa-basketball-and-play-dough.html.csp,Chris Pietsch,2018-03-15 16:55:01,https://youtu.be/JyjSzWtWnkQ
17 minutes of silence,http://registerguard.com/rg/video/36549734-319/17-minutes-of-silence.html.csp,Kelly Lyon,2018-03-14 13:24:02,https://youtu.be/aDVsY9vOhVc
Duck O-line leads the way,http://registerguard.com/rg/video/36544288-319/duck-o-line-leads-the-way.html.csp,Chris Pietsch,2018-03-12 22:00:02,https://youtu.be/4l1CpI_c12U
Oregon football adds new coaches,http://registerguard.com/rg/video/36539120-319/oregon-football-adds-new-coaches.html.csp,Chris Pietsch,2018-03-11 13:34:02,https://youtu.be/ePNeW2kUaqU
Oregon Spring Football,http://registerguard.com/rg/video/36533463-319/oregon-spring-football.html.csp,Chris Pietsch,2018-03-09 14:33:02,https://youtu.be/CU8ZcKpOoNM
Oregon Spring Football 2018,http://registerguard.com/rg/video/36526082-319/oregon-spring-football-2018.html.csp,Chris Pietsch,2018-03-07 13:26:01,https://youtu.be/HYVjKmujYf4
Tell Me a Story,http://registerguard.com/rg/video/36523793-319/tell-me-a-story.html.csp,Kelly Lyon,2018-03-06 19:57:01,https://youtu.be/JI8WncHAwgQ
UO breaks ground on Knight Campus,http://registerguard.com/rg/video/36508989-319/uo-breaks-ground-on-knight-campus.html.csp,Kelly Lyon,2018-03-02 16:17:01,https://youtu.be/rv7xFvQWrzs
Eight seconds on a load of TNT,http://registerguard.com/rg/video/36497417-319/eight-seconds-on-a-load-of-tnt.html.csp,Chris Pietsch,2018-02-27 13:47:01,https://youtu.be/Jya-jYQvC74
Bubbly mead making a buzz,http://registerguard.com/rg/video/36496721-319/bubbly-mead-making-a-buzz.html.csp,Kelly Lyon,2018-02-27 09:32:01,https://youtu.be/IWoA9530SLQ
Aging Entertainers,http://registerguard.com/rg/video/36472247-319/aging-entertainers.html.csp,Kelly Lyon,2018-02-20 20:31:02,https://youtu.be/LHN9tXzZR7U
A quest for quiet,http://registerguard.com/rg/video/36463589-319/a-quest-for-quiet.html.csp,Kelly Lyon,2018-02-18 08:12:44,https://youtu.be/xlFtmnuwmhQ
Tell me a story,http://registerguard.com/rg/video/36449982-319/tell-me-a-story.html.csp,Kelly Lyon,2018-02-14 20:16:02,https://youtu.be/WJJ0Hh4-x9M
Rock Slide Closes Aufderheide Drive,http://registerguard.com/rg/video/36436190-319/rock-slide-closes-aufderheide-drive.html.csp,Rob Romig,2018-02-11 12:13:01,https://youtu.be/A51XvwYmzjM
Gearing up,http://registerguard.com/rg/video/36398130-319/gearing-up.html.csp,Kelly Lyon,2018-01-31 15:18:02,https://youtu.be/-5fF7n1cDn8
Good Walks: Go behind the scenes at Shellburg Falls,http://registerguard.com/rg/video/36381286-319/good-walks-go-behind-the-scenes-at-shellburg-falls.html.csp,Kim Gilbert,2018-01-26 11:26:25,https://youtu.be/gfQcFDysXK4
Competitive noses,http://registerguard.com/rg/video/36378356-319/competitive-noses.html.csp,Kelly Lyon,2018-01-25 16:17:01,https://youtu.be/Mw2DvrpCtTg
Culture carvings,http://registerguard.com/rg/video/36365571-319/culture-carvings.html.csp,Kelly Lyon,2018-01-22 08:56:02,https://youtu.be/iVycI2AJrtM
Storm on the Oregon coast,http://registerguard.com/rg/video/36358150-319/storm-on-the-oregon-coast.html.csp,Chris Pietsch,2018-01-19 20:25:01,https://youtu.be/VbvTRcrnQ8Q
Community conversation,http://registerguard.com/rg/video/36351189-319/community-conversation.html.csp,Kelly Lyon,2018-01-17 22:40:01,https://youtu.be/-KExjb_cojA
A poem to Eugene on MLK Day,http://registerguard.com/rg/video/36343273-319/a-poem-to-eugene-on-mlk-day.html.csp,Chris Pietsch,2018-01-15 16:38:02,https://youtu.be/_cFl4zztexQ
Three shot in Springfield,http://registerguard.com/rg/video/36340157-319/three-shot-in-springfield.html.csp,Chris Pietsch,2018-01-14 14:33:01,https://youtu.be/DSX4J_6KEXo
Printing with passion,http://registerguard.com/rg/video/36316285-319/printing-with-passion.html.csp,Kelly Lyon,2018-01-06 20:49:15,https://youtu.be/yJUJDbfgCkQ
Oregon Horse Rescue,http://registerguard.com/rg/video/36308096-319/oregon-horse-rescue.html.csp,Dylan Darling,2018-01-04 11:07:01,https://youtu.be/Zt5GzwcVRCw
A village is born,http://registerguard.com/rg/video/36291408-319/a-village-is-born.html.csp,Kelly Lyon,2017-12-29 12:30:02,https://youtu.be/pYQ6XXrzTHI
Tell me a story,http://registerguard.com/rg/video/36273694-319/tell-me-a-story.html.csp,Kelly Lyon,2017-12-21 17:09:02,https://youtu.be/wKJP9pYCMjc
Oregon early Signing Day,http://registerguard.com/rg/video/36270190-319/oregon-early-signing-day.html.csp,Chris Pietsch,2017-12-20 16:40:00,https://youtu.be/EpUf2J1JKy0
Ducks at the Vegas Bowl,http://registerguard.com/rg/video/36247393-319/ducks-at-the-vegas-bowl.html.csp,Chris Pietsch,2017-12-13 12:43:02,https://youtu.be/CqaMxQfG3KY
Ai Wei Wei exhibit comes to Jordan Schnitzer Museum of Art,http://registerguard.com/rg/video/36228519-319/ai-wei-wei-exhibit-comes-to-jordan-schnitzer-museum-of-art.html.csp,Kelly Lyon,2017-12-07 09:18:02,https://youtu.be/77VdQCgd5dU
Lane County’s rising stars,http://registerguard.com/rg/video/36224672-319/lane-countys-rising-stars.html.csp,Kelly Lyon,2017-12-06 09:54:02,https://www.youtube.com/watch?v=yAIb_6A6SyU
Educating with fire,http://registerguard.com/rg/video/36205594-319/educating-with-fire.html.csp,Kelly Lyon,2017-11-30 17:07:01,https://youtu.be/3p1UiJUVAeA
Good Walks: Stroll by the seashore,http://registerguard.com/rg/video/36183496-319/good-walks-stroll-by-the-seashore.html.csp,Kim Gilbert,2017-11-24 11:59:10,https://youtu.be/9OVZaZLMgFk
Tastes of a Venetian evening,http://registerguard.com/rg/video/36181484-319/tastes-of-a-venetian-evening.html.csp,Kelly Lyon,2017-11-23 11:22:00,https://youtu.be/y-Kc3SxaCCI
Heirlooms abound,http://registerguard.com/rg/video/36178286-319/heirlooms-abound.html.csp,Kelly Lyon,2017-11-22 12:48:01,https://youtu.be/TVv7QgVLVq8
Ochoa's Queseria,http://registerguard.com/rg/video/36174573-319/ochoas-queseria.html.csp,Kelly Lyon,2017-11-21 11:26:01,https://youtu.be/WZvDlUU3-bY
Oregon QB Herbert is back!,http://registerguard.com/rg/video/36167723-319/oregon-qb-herbert-is-back.html.csp,Chris Pietsch,2017-11-19 12:43:19,https://youtu.be/65K4kJUIP9E
Tell me a story,http://registerguard.com/rg/video/36145442-319/tell-me-a-story.html.csp,Kelly Lyon,2017-11-13 10:56:01,https://youtu.be/Fbn4rTWboRo
A pianist's grand life,http://registerguard.com/rg/video/36123425-319/a-pianists-grand-life.html.csp,Kelly Lyon,2017-11-06 17:32:00,https://youtu.be/-ttzbQbr3sM
Ghost on the coast,http://registerguard.com/rg/video/36103690-319/ghost-on-the-coast.html.csp,Chris Pietsch,2017-10-31 12:26:00,https://youtu.be/sgXuVSjLYaQ
Oregon's Charles Nelson on his first TD pass,http://registerguard.com/rg/video/36097828-319/oregons-charles-nelson-on-his-first-td-pass.html.csp,Chris Pietsch,2017-10-29 15:14:05,https://youtu.be/kdynPcKIza0
Drone view of new development,http://registerguard.com/rg/video/36094877-319/drone-view-of-new-development.html.csp,Rob Romig,2017-10-29 00:26:02,https://youtu.be/bffMc2DMmiQ
48th Annual Eugene ski swap,http://registerguard.com/rg/video/36091525-319/48th-annual-eugene-ski-swap.html.csp,Collin Andrew,2017-10-27 13:00:01,https://youtu.be/j8Lj_z8VtvM
Good Walks: Sanctuary at Portland Japanese Garden,http://registerguard.com/rg/video/36091206-319/good-walks-sanctuary-at-portland-japanese-garden.html.csp,Kim Gilbert,2017-10-27 12:35:17,https://youtu.be/3xtlp-1q8MU
Tell me a story,http://registerguard.com/rg/video/36082684-319/tell-me-a-story.html.csp,Kelly Lyon,2017-10-24 19:12:01,https://www.youtube.com/watch?v=wMkAM6AYjFM
Drone view of large pot farm,http://registerguard.com/rg/video/36070033-319/story.csp,Rob Romig,2017-10-21 21:55:01,https://youtu.be/J4da124kfbE
"Signed, sealed, delivered",http://registerguard.com/rg/video/36062735-319/signed-sealed-delivered.html.csp,Kelly Lyon,2017-10-19 14:46:19,https://youtu.be/r1c4_obwldw
The Press Box: Oregon vs. UCLA,http://registerguard.com/rg/video/36067096-319/the-press-box-oregon-vs.-ucla.csp,Chris Pietsch,2017-10-19 14:31:00,https://youtu.be/brWXVrOxZsY
Cannabis harvest party,http://registerguard.com/rg/video/36062729-319/cannabis-harvest-party.html.csp,Kelly Lyon,2017-10-18 08:46:34,https://youtu.be/oWf8a_6KpkU
The Oregon defense prepares for Love,http://registerguard.com/rg/video/36047035-319/the-oregon-defense-prepares-for-love.html.csp,Chris Pietsch,2017-10-12 17:17:01,https://youtu.be/8fjR4rDwaIU
Oregon Football: Freeman is back as QBs battle,http://registerguard.com/rg/video/36022928-319/oregon-football-freeman-is-back-as-qbs-battle.html.csp,Chris Pietsch,2017-10-04 13:41:01,https://www.youtube.com/watch?v=Dxp48sVEl-g
Press Box Q&A: What’s up with the Pac-12 after dark?,http://registerguard.com/rg/video/36020314-319/press-box-qa-whats-up-with-the-pac-12-after-dark.html.csp,Chris Pietsch,2017-10-03 14:41:01,https://youtu.be/2RVptD81oro
Good Walks: Hues and views on Dimple Hill,http://registerguard.com/rg/video/36007157-319/good-walks-hues-and-views-on-dimple-hill.html.csp,Kim Gilbert,2017-09-29 11:07:07,https://youtu.be/FsEhpLz751Q
No excuses from Oregon O-line,http://registerguard.com/rg/video/36000347-319/no-excuses-from-oregon-o-line.html.csp,Chris Pietsch,2017-09-27 11:23:01,https://youtu.be/sJrzUNHx8AU
Press Box Q&A: Bigger seats and more parking?,http://registerguard.com/rg/video/35993349-319/press-box-qa-bigger-seats-and-more-parking.html.csp,Chris Pietsch,2017-09-25 10:35:01,https://youtu.be/sv9gN4tEaDQ
Press Box Q&A: Nike and the budget?,http://registerguard.com/rg/video/35980832-319/press-box-qa-nike-and-the-budget.html.csp,Chris Pietsch,2017-09-21 10:01:01,https://youtu.be/EcJtU2UteGQ
The Press Box: Oregon's Pac-12 season begins,http://registerguard.com/rg/video/35978025-319/the-press-box-oregons-pac-12-season-begins.html.csp,Chris Pietsch,2017-09-20 12:36:02,https://youtu.be/9mxI3wS1GPo
Press Box Q&A: What keeps Rob Mullens up at night?,http://registerguard.com/rg/video/35973110-319/press-box-qa-what-keeps-rob-mullens-up-at-night.html.csp,Chris Pietsch,2017-09-18 21:10:01,https://youtu.be/IBV3FE6zCpw
Press Box: Post-game analysis of Oregon at Wyoming,http://registerguard.com/rg/video/35971294-319/press-box-post-game-analysis-of-oregon-at-wyoming.html.csp,Brian Davies,2017-09-18 09:36:01,https://youtu.be/E7jQWUqDKtg
Tell me a story,http://registerguard.com/rg/video/35970396-319/tell-me-a-story.html.csp,Kelly Lyon,2017-09-17 21:50:02,https://youtu.be/sxkATWaUxow
Emx goes west,http://registerguard.com/rg/video/35968175-319/emx-goes-west.html.csp,Kelly Lyon,2017-09-17 08:21:21,https://youtu.be/zu0Aw0J-w6g
Oregon set to meet Wyoming,http://registerguard.com/rg/video/35960545-319/oregon-set-to-meet-wyoming.html.csp,August Frank,2017-09-14 18:40:02,https://youtu.be/R0y1pJ2wHi8
The Long Road Home,http://registerguard.com/rg/video/35955623-319/the-long-road-home.html.csp,August Frank,2017-09-13 09:52:01,https://youtu.be/sQJ2N6K9WNk
Officer shooting update,http://registerguard.com/rg/video/35954078-319/officer-shooting-update.html.csp,Chris Pietsch,2017-09-12 19:57:01,https://youtu.be/wLuDcAjk-o8
McKenzie residents on alert,http://registerguard.com/rg/video/35937916-319/mckenzie-residents-on-alert.html.csp,Kelly Lyon,2017-09-07 17:19:02,https://youtu.be/1dty7AOaf-4
Saving Multnomah Falls,http://registerguard.com/rg/video/35934696-319/saving-multnomah-falls.html.csp,Chris Pietsch,2017-09-06 19:06:02,https://youtu.be/aA03dGNBhlg
Dealing with wildfire smoke,http://registerguard.com/rg/video/35933018-319/dealing-with-wildfire-smoke.html.csp,Chris Pietsch,2017-09-06 10:39:01,https://youtu.be/lExN3EzSEbg
Press conference from the Eagle Creek Fire,http://registerguard.com/rg/video/35931690-319/press-conference-from-the-eagle-creek-fire.html.csp,Chris Pietsch,2017-09-05 23:29:01,https://youtu.be/YAYzAJSj87Y
"Oregon Football: ""Swag Surfing""",http://registerguard.com/rg/video/35926933-319/oregon-football-swag-surfing.html.csp,Chris Pietsch,2017-09-04 14:21:01,https://youtu.be/G-J6QD3TVD0
Olden times at Fort Umpqua,http://registerguard.com/rg/video/35916661-319/olden-times-at-fort-umpqua.html.csp,Kelly Lyon The Register-Guard,2017-09-01 11:30:41,https://youtu.be/8X8TzoF0LOw
Oregon Football: Game week,http://registerguard.com/rg/video/35913704-319/oregon-football-game-week.html.csp,Chris Pietsch,2017-08-31 15:03:02,https://youtu.be/6QHTT8bulwM
Bringing braggot into a new era,http://registerguard.com/rg/video/35902299-319/bringing-braggot-into-a-new-era.html.csp,Kelly Lyon,2017-08-28 10:47:31,https://youtu.be/bJkpsMwXxcs
"Good Walks: Sand, tree, lake and sea",http://registerguard.com/rg/video/35894514-319/good-walks-sand-tree-lake-and-sea.html.csp,Kim Gilbert,2017-08-25 15:33:00,https://youtu.be/3hmyrjxcG40
"Lion & Owl, a moving new brunch experience",http://registerguard.com/rg/video/35887342-319/lion--owl-a-moving-new-brunch-experience.html.csp,Kelly Lyon,2017-08-23 09:22:04,https://youtu.be/E0-f8j0CCWE
Out of this world experience,http://registerguard.com/rg/video/35882044-319/out-of-this-world-experience.html.csp,Kelly Lyon,2017-08-21 14:16:01,https://youtu.be/fOmmw_OA3fE
Capturing the eclipse by balloon,http://registerguard.com/rg/video/35879148-319/capturing-the-eclipse-by-balloon.html.csp,Kelly Lyon,2017-08-20 14:15:01,https://youtu.be/cIigx6B4tJg
Total eclipse experience,http://registerguard.com/rg/video/35877131-319/total-eclipse-experience.html.csp,Kelly Lyon,2017-08-19 17:15:01,https://youtu.be/7i2dIipZhwk
The Press Box: Oregon football preview,http://registerguard.com/rg/video/35864316-319/press-box-oregon-football-preview.html.csp,Chris Pietsch and August Frank,2017-08-15 20:47:31,https://youtu.be/xrqVQjOYlho
Press Box: Oregon football preview,http://registerguard.com/rg/video/35864316-319/press-box-oregon-football-preview.html.csp,Chris Pietsch and August Frank,2017-08-15 13:31:01,https://youtu.be/xrqVQjOYlho
Coburg Car Classic,http://registerguard.com/rg/video/35853009-319/coburg-car-classic.html.csp,August Frank,2017-08-11 13:38:01,https://youtu.be/jkEdmhsxnuE
Tennis everyone?,http://registerguard.com/rg/video/35845668-319/tennis-everyone.html.csp,Kelly Lyon,2017-08-09 07:41:23,https://www.youtube.com/watch?v=RGpRzHpwZHU
Heat Wave: How hot does a car really get?,http://registerguard.com/rg/video/35828828-319/heat-wave-how-hot-does-a-car-really-get.html.csp,Julia Reihs and Rob Romig,2017-08-03 13:32:01,https://www.youtube.com/watch?v=LJN9bH08c28
Smokin’ Hot,http://registerguard.com/rg/video/35828174-319/smokin-hot.html.csp,Kelly Lyon,2017-08-03 09:22:01,https://youtu.be/DI0jMnX1PRs
Letting a river run free,http://registerguard.com/rg/video/35793282-319/letting-a-river-run-free.html.csp,Kelly Lyon,2017-07-23 08:24:21,https://www.youtube.com/watch?v=4k_ghYH5nrU
Big Fun on Day One!,http://registerguard.com/rg/video/35786067-319/big-fun-on-day-one.html.csp,August Frank,2017-07-20 16:31:00,https://www.youtube.com/watch?v=P0o7b0gjZgE
Buzz Catchers,http://registerguard.com/rg/video/35784282-319/buzz-catchers.html.csp,Kelly Lyon,2017-07-20 07:28:24,https://www.youtube.com/watch?v=_S1zrM1J9d0
DanceAbility: Redefining art,http://registerguard.com/rg/video/35766952-319/danceability-redefining-art.html.csp,August Frank,2017-07-14 10:12:01,https://www.youtube.com/watch?v=FDqUtTN1HLo
Forrest’s formula,http://registerguard.com/rg/video/35766635-319/forrests-formula.html.csp,Kelly Lyon,2017-07-14 08:03:02,https://www.youtube.com/watch?v=TUb6FEBcdLw
Topical therapies,http://registerguard.com/rg/video/35761300-319/topical-therapies.html.csp,Kelly Lyon,2017-07-12 11:54:02,https://www.youtube.com/watch?v=At1feiTYGag
Where the past is present,http://registerguard.com/rg/video/35752341-319/where-the-past-is-present.html.csp,Kelly Lyon,2017-07-09 09:41:01,https://www.youtube.com/watch?v=1Ot3MBNAI4Q
2017 Oregon Country Fair,http://registerguard.com/rg/video/35750249-319/2017-oregon-country-fair.html.csp,August Frank,2017-07-08 13:27:16,https://www.youtube.com/watch?v=mH8tqsTktMw
Purple fields of majesty,http://registerguard.com/rg/video/35746773-319/purple-fields-of-majesty.html.csp,Kelly Lyon,2017-07-07 09:18:16,https://www.youtube.com/watch?v=W856JXcvpoA
Public Performance,http://registerguard.com/rg/video/35743082-319/public-performance.html.csp,Kelly Lyon,2017-07-06 07:37:21,https://www.youtube.com/watch?v=3-RbDGNu64M
Eugene Yacht Club sailing school,http://registerguard.com/rg/video/35724338-319/eugene-yacht-club-sailing-school.html.csp,August Frank,2017-06-29 17:31:01,https://www.youtube.com/watch?v=CJDOscPp40w
Creative chains,http://registerguard.com/rg/video/35681810-319/creative-chains.html.csp,Kelly Lyon,2017-06-15 22:40:00,https://www.youtube.com/watch?v=4SBedTcbvZY
Duck rescue,http://registerguard.com/rg/video/35672577-319/duck-rescue.html.csp,Doug Mozan,2017-06-13 11:05:01,https://www.youtube.com/watch?v=jbHfdqpfjq8
Splash of colors,http://registerguard.com/rg/video/35662938-319/splash-of-colors.html.csp,Kelly Lyon,2017-06-09 22:36:01,https://www.youtube.com/watch?v=K-psnQXfAJ4
A taste of Salt & Sweet Wine Bar,http://registerguard.com/rg/video/35638725-319/a-taste-of-salt--sweet-wine-bar.html.csp,Kelly Lyon,2017-06-02 11:43:02,https://www.youtube.com/watch?v=LF2mDsZLQqc
Golden moment with Ashton Eaton,http://registerguard.com/rg/video/35631902-319/golden-moment-with-ashton-eaton.html.csp,Chris Pietsch,2017-05-31 10:53:01,https://www.youtube.com/watch?v=rQyYzeBeglQ
Smith River and redwoods splendors,http://registerguard.com/rg/video/35629010-319/smith-river-and-redwoods-splendors.html.csp,Kelly Lyon,2017-05-30 14:12:23,https://www.youtube.com/watch?v=jrpUhk6Jw6o
Pre Classic: Devon Allen in loaded hurdle race,http://registerguard.com/rg/video/35618067-319/pre-classic-devon-allen-in-loaded-hurdle-race.html.csp,Chris Pietsch,2017-05-26 15:02:01,https://www.youtube.com/watch?v=0c8weVH-SAU
A visit to Bluebird Hill Cellars,http://registerguard.com/rg/video/35617689-319/a-visit-to-bluebird-hill-cellars.html.csp,Kelly Lyon,2017-05-26 13:16:10,https://www.youtube.com/watch?v=elPYm4iMoAw
"Good Walks: Pinard, Moon and Spirit falls",http://registerguard.com/rg/video/35617272-319/good-walks-pinard-moon-and-spirit-falls.html.csp,Kim Gilbert,2017-05-26 10:26:30,https://www.youtube.com/watch?v=SR5AjpiJgv4
Drift Creek Falls Trail leads to eye-opening bridge,http://registerguard.com/rg/video/35615249-319/drift-creek-falls-trail-leads-to-eye-opening-bridge.html.csp,Collin Andrew,2017-05-25 16:19:58,http://www.youtube.com/watch?v=k-UVMbEeb5s
Veterans Honored,http://registerguard.com/rg/video/35612664-319/veterans-honored.html.csp,Kelly Lyon,2017-05-24 20:56:01,https://www.youtube.com/watch?v=2wH4t_U4-vM
Caffeine by the fire,http://registerguard.com/rg/video/35611606-319/caffeine-by-the-fire.html.csp,Kelly Lyon,2017-05-24 15:54:01,https://www.youtube.com/watch?v=mvWpg5DlxKM
Magically adrift,http://registerguard.com/rg/video/35606463-319/magically-adrift.html.csp,Kelly Lyon,2017-05-23 08:50:01,https://www.youtube.com/watch?v=ncGW2XzsXV4
Marvels of Marble at Oregon Caves,http://registerguard.com/rg/video/35604419-319/marvels-of-marble-at-oregon-caves.html.csp,Kelly Lyon,2017-05-22 16:06:01,https://www.youtube.com/watch?v=paI08pB1eaQ
The three jewels of Cape Arago highway,http://registerguard.com/rg/video/35593109-319/the-three-jewels-of-cape-arago-highway.html.csp,Kelly Lyon,2017-05-18 20:51:01,https://www.youtube.com/watch?v=UzmCJqdMr58
Carried away on a zipline,http://registerguard.com/rg/video/35588163-319/carried-away-on-a-zipline.html.csp,Collin Andrew,2017-05-17 10:15:52,https://www.youtube.com/watch?v=Huxx7n2MRwQ
The Columbia Gorge is awash in splendid waterfall hikes,http://registerguard.com/rg/video/35584984-319/the-columbia-gorge-is-awash-in-splendid-waterfall-hikes.html.csp,Kelly Lyon,2017-05-16 11:54:33,http://www.youtube.com/watch?v=ZKgTxGT3uWA
"Scratch that, just a myth",http://registerguard.com/rg/video/35570014-319/scratch-that-just-a-myth.html.csp,Collin Andrew,2017-05-11 09:22:16,https://www.youtube.com/watch?v=G8qmnYmxK60
Fencing gets a new home,http://registerguard.com/rg/video/35550600-319/fencing-gets-a-new-home.html.csp,Kelly Lyon,2017-05-04 20:14:01,https://www.youtube.com/watch?v=UHL6OtG-At4
Good Walks: Forest full circle,http://registerguard.com/rg/video/35529363-319/good-walks-forest-full-circle.html.csp,Kim Gilbert,2017-04-28 11:30:43,https://www.youtube.com/watch?v=syX7HrIrwBM
Volunteer of the year,http://registerguard.com/rg/video/35526616-319/volunteer-of-the-year.html.csp,Kelly Lyon,2017-04-27 15:23:09,https://www.youtube.com/watch?v=QMWeCE3zGAc
Oregon spring football update,http://registerguard.com/rg/video/35519467-319/oregon-spring-football-update.html.csp,Chris Pietsch,2017-04-25 14:47:01,https://www.youtube.com/watch?v=oxITpsbL-GI
The 1-2-3’s of CBD in cannabis,http://registerguard.com/rg/video/35515516-319/the-1-2-3s-of-cbd-in-cannabis.html.csp,Kelly Lyon,2017-04-24 11:42:02,https://www.youtube.com/watch?v=tMrFpblU_sg
Rock and Row,http://registerguard.com/rg/video/35509542-319/rock-and-row.html.csp,Kelly Lyon,2017-04-22 08:42:01,https://www.youtube.com/watch?v=g3KBDx_xqGQ
The buzz on cannabis-infused honey,http://registerguard.com/rg/video/35502643-319/the-buzz-on-cannabis-infused-honey.html.csp,Kelly Lyon,2017-04-20 07:42:20,https://www.youtube.com/watch?v=dpwaAj-3A2U
Boho Eugene bungalow,http://registerguard.com/rg/video/35499461-319/boho-eugene-bungalow.html.csp,Kelly Lyon,2017-04-19 11:21:08,https://www.youtube.com/watch?v=JA-KGyYmj-Y
"Pepsi, depth charts and the Oregon defense",http://registerguard.com/rg/video/35489926-319/pepsi-depth-charts-and-the-oregon-defense.html.csp,Chris Pietsch,2017-04-16 09:53:01,https://www.youtube.com/watch?v=QR3ycNTWuUs
Pilot describes Highway 99 landing,http://registerguard.com/rg/video/35485642-319/pilot-describes-highway-99-landing.html.csp,Chris Pietsch,2017-04-14 17:42:01,https://www.youtube.com/watch?v=iCCJZahlSKg
The return of Royce Freeman,http://registerguard.com/rg/video/35473959-319/the-return-of-royce-freeman.html.csp,Chris Pietsch,2017-04-11 11:37:01,https://www.youtube.com/watch?v=4cCFo1n4mJ8
"Oregon fans treated to rain, sleet and Ducks",http://registerguard.com/rg/video/35466952-319/oregon-fans-treated-to-rain-sleet-and-ducks.html.csp,Chris Pietsch,2017-04-09 08:52:24,https://www.youtube.com/watch?v=wua6HkCLDPs
Learn to catch a trout with a fly rod,http://registerguard.com/rg/video/35457452-319/learn-to-catch-a-trout-with-a-fly-rod.html.csp,Kelly Fenley,2017-04-07 16:18:00,https://www.youtube.com/watch?v=6wguVgktuRU
Plane crash north of Harrisburg,http://registerguard.com/rg/video/35460939-319/plane-crash-north-of-harrisburg.html.csp,Kelly Lyon,2017-04-07 14:36:00,https://www.youtube.com/watch?v=qpSx_tuCchs
Oregon’s Coach Leavitt is raring to go,http://registerguard.com/rg/video/35460505-319/oregons-coach-leavitt-is-raring-to-go.html.csp,Chris Pietsch,2017-04-07 12:18:01,https://www.youtube.com/watch?v=KIwLBTh-s30
One for the books,http://registerguard.com/rg/video/35459904-319/one-for-the-books.html.csp,Kelly Lyon,2017-04-07 07:57:22,https://www.youtube.com/watch?v=E5mA6qcHT1s
Oregon spring football begins,http://registerguard.com/rg/video/35452953-319/oregon-spring-football-begins.html.csp,Chris Pietsch,2017-04-05 13:24:01,https://www.youtube.com/watch?v=fMig5iLxQxc
Terrifying Beauty,http://registerguard.com/rg/video/35432149-319/terrifying-beauty.html.csp,Kelly Lyon,2017-03-30 07:22:22,https://www.youtube.com/watch?v=WS_S-E811aE
"New blooms, old treasures",http://registerguard.com/rg/video/35411182-319/new-blooms-old-treasures.html.csp,Kim Gilbert,2017-03-24 13:36:09,https://www.youtube.com/watch?v=DkcwI0Wbijo
A Picasso of a dog,http://registerguard.com/rg/video/35364286-319/a-picasso-of-a-dog.html.csp,Chris Pietsch,2017-03-10 07:34:23,https://www.youtube.com/watch?v=pq1kOH2zs3o
"Tasty, hearty ‘kalettes’ and fresh new strawberries",http://registerguard.com/rg/video/35360653-319/tasty-hearty-kalettes-and-fresh-new-strawberries.html.csp,Collin Andrew,2017-03-09 10:48:10,https://www.youtube.com/watch?v=Z25HPNhPorE
Spartans make it to state quarterfinals,http://registerguard.com/rg/video/35359447-319/spartans-make-it-to-state-quarterfinals.html.csp,Kelly Lyon,2017-03-08 22:18:02,https://www.youtube.com/watch?v=PG04RXMQdgM
One-of-a-kind furniture puzzles,http://registerguard.com/rg/video/35356670-319/one-of-a-kind-furniture-puzzles.html.csp,Kelly Lyon,2017-03-08 10:15:22,https://www.youtube.com/watch?v=_wkhCnyI0d8
A Hamlin tour,http://registerguard.com/rg/video/35335007-319/a-hamlin-tour.html.csp,Kelly Lyon,2017-03-02 07:31:25,https://www.youtube.com/watch?v=JPYfOzyJZI4
One smart cookie,http://registerguard.com/rg/video/35316970-319/one-smart-cookie.html.csp,Kelly Lyon,2017-02-25 07:53:22,https://www.youtube.com/watch?v=b2OVRTq2elI
New flavors at Novo,http://registerguard.com/rg/video/35308011-319/new-flavors-at-novo.html.csp,Kelly Lyon,2017-02-22 15:49:39,https://www.youtube.com/watch?v=3aCJjRwNaLU
Dainty gardens in jars,http://registerguard.com/rg/video/35288913-319/dainty-gardens-in-jars.html.csp,Collin Andrew,2017-02-16 09:03:05,https://www.youtube.com/watch?v=WSIO_sUHWHI
Be the change,http://registerguard.com/rg/video/35287755-319/be-the-change.html.csp,Kelly Lyon,2017-02-15 21:44:00,https://www.youtube.com/watch?v=j1K-MF20q80
Retro-style downsize,http://registerguard.com/rg/video/35282520-319/retro-style-downsize.html.csp,Kelly Lyon,2017-02-14 15:33:53,http://www.youtube.com/watch?v=fyERrgnrHoU
Past meets present at Deepwood estate,http://registerguard.com/rg/video/35265533-319/past-meets-present-at-deepwood-estate.html.csp,Collin Andrew,2017-02-10 13:55:40,https://www.youtube.com/watch?v=k2NV2HRXlzk
Abandoned puppy rescued,http://registerguard.com/rg/video/35269390-319/abandoned-puppy-rescued.html.csp,Chris Pietsch,2017-02-10 12:37:01,https://www.youtube.com/watch?v=c9sEg7YsS_I
A drone tour of south Willamette Street,http://registerguard.com/rg/video/35266330-319/a-drone-tour-of-south-willamette-street.html.csp,Rob Romig,2017-02-09 15:56:01,https://www.youtube.com/watch?v=UL2i-7Eq15s
Hoping for help,http://registerguard.com/rg/video/35259069-319/hoping-for-help.html.csp,Kelly Lyon,2017-02-07 17:09:01,https://www.youtube.com/watch?v=ixncQ8qfY4I
On a snowshoe trek,http://registerguard.com/rg/video/35237918-319/on-a-snowshoe-trek.html.csp,Kelly Fenley,2017-02-03 09:57:23,https://www.youtube.com/watch?v=xZXOzpz-fXw
A taste of Lola’s Fruit Shrubs,http://registerguard.com/rg/video/35242723-319/a-taste-of-lolas-fruit-shrubs.html.csp,Kelly Lyon,2017-02-02 15:37:01,https://www.youtube.com/watch?v=THKKHtnVDWw
World Hijab Day,http://registerguard.com/rg/video/35239575-319/world-hijab-day.html.csp,Kelly Lyon,2017-02-01 19:07:01,https://www.youtube.com/watch?v=-rnXdXeYKI4
Signing day: The #DoSomething brand,http://registerguard.com/rg/video/35239042-319/signing-day-the-dosomething-brand.html.csp,Chris Pietsch,2017-02-01 16:55:01,https://www.youtube.com/watch?v=WrCJgAA0vs8
Signing Day: Negatives and positives,http://registerguard.com/rg/video/35238032-319/signing-day-negatives-and-positives.html.csp,Chris Pietsch,2017-02-01 12:22:01,https://www.youtube.com/watch?v=ELMBrkxoU1A
Good Walks: Winter wander along Willamette River,http://registerguard.com/rg/video/35221999-319/good-walks-winter-wander-along-willamette-river.html.csp,Kim Gilbert,2017-01-27 12:01:32,https://www.youtube.com/watch?v=wkKGIly6P80
Cultivating a culinary treasure,http://registerguard.com/rg/video/35198928-319/cultivating-a-culinary-treasure.html.csp,Kelly Lyon,2017-01-20 17:06:35,https://www.youtube.com/watch?v=JjVinlObgbA
Patience through woodcrafting,http://registerguard.com/rg/video/35195503-319/patience-through-woodcrafting.html.csp,Kelly Lyon,2017-01-19 17:49:01,https://www.youtube.com/watch?v=6T8NR_YfSn0
Cascading river getaway,http://registerguard.com/rg/video/35183871-319/cascading-river-getaway.html.csp,Kelly Lyon,2017-01-16 09:31:02,https://www.youtube.com/watch?v=nLEJLZt7Gqo
Damaged tree triage,http://registerguard.com/rg/video/35172666-319/damaged-tree-triage.html.csp,Kelly Lyon,2017-01-12 15:21:19,https://www.youtube.com/watch?v=VPSxG6v5gGA
United in pink,http://registerguard.com/rg/video/35166240-319/united-in-pink.html.csp,Kelly Lyon,2017-01-10 18:45:01,http://www.youtube.com/watch?v=XP1OGrcvcv0
Call a spade a flower,http://registerguard.com/rg/video/35164750-319/call-a-spade-a-flower.html.csp,Kelly Lyon,2017-01-10 09:57:10,https://www.youtube.com/watch?v=z3aLBK-BmVQ
Treacherous driving conditions,http://registerguard.com/rg/video/35156018-319/treacherous-driving-conditions.html.csp,Chris Pietsch,2017-01-07 13:27:01,http://www.youtube.com/watch?v=WPYlkMuipUY
So what if it’s winter! Work it out,http://registerguard.com/rg/video/35152938-319/so-what-if-its-winter-work-it-out.html.csp,Kelly Lyon,2017-01-06 09:51:41,https://www.youtube.com/watch?v=oOXmtEfXI4o
First snowstorm of 2017,http://registerguard.com/rg/video/35146140-319/first-snowstorm-of-2017.html.csp,Chris Pietsch,2017-01-04 10:45:01,https://www.youtube.com/watch?v=qt3pD7zXH50
Counting for a cause,http://registerguard.com/rg/video/35139508-319/counting-for-a-cause.html.csp,Kelly Lyon,2017-01-01 19:08:01,https://www.youtube.com/watch?v=SGBkl5YhGPo
Springfield’s Flame,http://registerguard.com/rg/video/35129683-319/springfields-flame.html.csp,Kelly Lyon,2016-12-29 08:51:08,https://www.youtube.com/watch?v=DnYoa3jAruk
Good Walks: Glad ocean tidings in Newport,http://registerguard.com/rg/video/35117627-319/good-walks-glad-ocean-tidings-in-newport.html.csp,Kim Gilbert,2016-12-23 10:41:20,https://www.youtube.com/watch?v=5D9cW5HXeH0
Pushing for Power,http://registerguard.com/rg/video/35112508-319/pushing-for-power.html.csp,Kelly Lyon,2016-12-21 18:48:01,https://www.youtube.com/watch?v=OQCVT9PCQVc
Drone video: Storm’s icy grip,http://registerguard.com/rg/video/35098240-319/drone-video-storms-icy-grip.html.csp,Rob Romig,2016-12-16 22:02:02,https://www.youtube.com/watch?v=yfxEOUMauaA
Ice storm cuts off Hawkins Heights,http://registerguard.com/rg/video/35093619-319/ice-storm-cuts-off-hawkins-heights.html.csp,Chris Pietsch,2016-12-15 13:43:01,https://www.youtube.com/watch?v=A1ctdfgkEy0
Readers get a holiday treat,http://registerguard.com/rg/video/35091410-319/readers-get-a-holiday-treat.html.csp,Kelly Lyon,2016-12-14 20:03:01,https://www.youtube.com/watch?v=t_x33QwCzDM
"Life, football and bringin' the “juice!”",http://registerguard.com/rg/video/35074759-319/life-football-and-bringin-the-juice.html.csp,Chris Pietsch,2016-12-09 15:59:01,https://www.youtube.com/watch?v=gnmq5ndfqyk
Monster project house,http://registerguard.com/rg/video/35071471-319/monster-project-house.html.csp,,2016-12-08 15:56:05,https://www.youtube.com/watch?v=3xuWv7jN2wE
20 Under 40 Awards presentation,http://registerguard.com/rg/video/35067468-319/20-under-40-awards-presentation.html.csp,Kelly Lyon,2016-12-07 14:21:01,https://www.youtube.com/watch?v=xkClA2jXp0Y
"""Poor trajectory"" and sad goodbyes",http://registerguard.com/rg/video/35042879-319/poor-trajectory-and-sad-goodbyes.html.csp,Chris Pietsch,2016-11-30 13:24:01,https://www.youtube.com/watch?v=waMvXMpBOVQ
AD Rob Mullens fires Helfrich,http://registerguard.com/rg/video/35041116-319/ad-rob-mullens-fires-helfrich.html.csp,Chris Pietsch,2016-11-29 21:20:02,https://www.youtube.com/watch?v=m6hr7XqOeQk
Whiteaker steps up for dinner,http://registerguard.com/rg/video/35022106-319/whiteaker-steps-up-for-dinner.html.csp,Kelly Lyon,2016-11-23 18:13:01,https://www.youtube.com/watch?v=ce9gw9FKLoM
Spice it up with herbs,http://registerguard.com/rg/video/35020361-319/spice-it-up-with-herbs.html.csp,Kelly Lyon,2016-11-23 08:17:22,https://www.youtube.com/watch?v=y79qKq6L1xg
Oregon's Devon Allen turns pro,http://registerguard.com/rg/video/34999725-319/oregons-devon-allen-turns-pro.html.csp,Chris Pietsch,2016-11-17 10:54:02,https://www.youtube.com/watch?v=iWlka0b07JY
Dare to escape,http://registerguard.com/rg/video/34977774-319/dare-to-escape.html.csp,Kelly Lyon,2016-11-11 10:02:21,http://www.youtube.com/watch?v=1WurIIiRNUE
Anti-Trump rally in Eugene,http://registerguard.com/rg/video/34970267-319/anti-trump-rally-in-eugene.html.csp,Chris Pietsch,2016-11-09 01:46:02,http://www.youtube.com/watch?v=rx6MVAikgTM
Beer by the (Plato) numbers,http://registerguard.com/rg/video/34965891-319/beer-by-the-plato-numbers.html.csp,Kelly Lyon,2016-11-07 15:42:56,https://www.youtube.com/watch?v=FWfJEI9wbj0
An Iron Welcome,http://registerguard.com/rg/video/34950438-319/an-iron-welcome.html.csp,Kelly Lyon,2016-11-02 18:40:05,https://www.youtube.com/watch?v=GxPhol1pNVY
Mediterranean Network,http://registerguard.com/rg/video/34945851-319/mediterranean-network.html.csp,Kelly Lyon,2016-11-01 12:39:01,https://www.youtube.com/watch?v=kqebG787B3k
Ah Sam puts on a show in last football game,http://registerguard.com/rg/video/34936562-319/ah-sam-puts-on-a-show-in-last-football-game.html.csp,Collin Andrew,2016-10-29 08:07:01,https://www.youtube.com/watch?v=HdPZUUncf3M
Glass-O-Lanterns,http://registerguard.com/rg/video/34928822-319/glass-o-lanterns.html.csp,Kelly Lyon,2016-10-26 18:28:01,https://www.youtube.com/watch?v=61LrlC7cwsA
OSU's Wayne and Tres Tinkle cheer the Cubs in championship series,http://registerguard.com/rg/video/34916210-319/osus-wayne-and-tres-tinkle-cheer-the-cubs-in-championship-series.html.csp,Chris Pietsch,2016-10-22 15:14:01,https://www.youtube.com/watch?v=FC4A9BeVjHM
Good Walks: See a side of fall at Sweet Creek Falls,http://registerguard.com/rg/video/34913111-319/good-walks-see-a-side-of-fall-at-sweet-creek-falls.html.csp,Kim Gilbert,2016-10-21 11:18:34,https://www.youtube.com/watch?v=jFBqUZ53w5E
Someone to crow about,http://registerguard.com/rg/video/34892538-319/someone-to-crow-about.html.csp,Kelly Lyon,2016-10-14 11:02:10,http://www.youtube.com/watch?v=7ItaroJtdk8
A lifetime of costumery,http://registerguard.com/rg/video/34888319-319/a-lifetime-of-costumery.html.csp,Kelly Lyon,2016-10-12 22:06:01,https://www.youtube.com/watch?v=GiSexklTJAk
Conquering concussion,http://registerguard.com/rg/video/34884716-319/conquering-concussion.html.csp,Chris Pietsch and Collin Andrew,2016-10-11 15:49:01,https://www.youtube.com/watch?v=vLUzMY9HLGA
Celebrate with henna,http://registerguard.com/rg/video/34872964-319/celebrate-with-henna.html.csp,Kelly Lyon,2016-10-07 10:21:43,https://www.youtube.com/watch?v=TlF6XI08Gig
UO gets a new EMU,http://registerguard.com/rg/video/34868106-319/uo-gets-a-new-emu.html.csp,Kelly Lyon,2016-10-05 16:29:02,https://www.youtube.com/watch?v=r_9ZpwU9LdY
Putting the wild in Wildcraft Cider Works,http://registerguard.com/rg/video/34864584-319/putting-the-wild-in-wildcraft-cider-works.html.csp,Kelly Lyon,2016-10-04 14:56:01,https://www.youtube.com/watch?v=tnAbZMHjpMQ
Broga for everyone,http://registerguard.com/rg/video/34860506-319/broga-for-everyone.html.csp,Kelly Lyon,2016-10-03 08:49:02,https://www.youtube.com/watch?v=jyNzkid7buY
LaVelle’s crush,http://registerguard.com/rg/video/34854055-319/lavelles-crush.html.csp,Kelly Lyon,2016-10-01 07:32:32,http://www.youtube.com/watch?v=dKEt3e9OaH4
Tikal Latin Flavor,http://registerguard.com/rg/video/34841331-319/tikal-latin-flavor.html.csp,Kylie Juggert,2016-09-27 16:34:01,https://www.youtube.com/watch?v=YKERtF5uihI
Good Walks: To the top of Tidbits Mountain,http://registerguard.com/rg/video/34827127-319/good-walks-to-the-top-of-tidbits-mountain.html.csp,Kim Gilbert,2016-09-23 10:00:37,https://www.youtube.com/watch?v=8WKNkIIyryc
‘Waterfall’ bathroom theme,http://registerguard.com/rg/video/34827023-319/waterfall-bathroom-theme.html.csp,,2016-09-23 09:21:45,https://www.youtube.com/watch?v=-bcDrRq1haQ
Savanna restoration begins,http://registerguard.com/rg/video/34801747-319/savanna-restoration-begins.html.csp,Kelly Lyon,2016-09-15 16:36:01,https://www.youtube.com/watch?v=rwRREbEi8Ys
The Ice Cream Man,http://registerguard.com/rg/video/34798416-319/the-ice-cream-man.html.csp,Kylie Juggert,2016-09-14 16:50:00,https://www.youtube.com/watch?v=qnSeiC4nAKk
Camas Country Schoolhouse Bakery and Store,http://registerguard.com/rg/video/34781466-319/camas-country-schoolhouse-bakery-and-store.html.csp,Collin Andrew,2016-09-09 16:12:39,http://www.youtube.com/watch?v=jHF3TgbH-y4
Brand new school welcomes students,http://registerguard.com/rg/video/34778224-319/brand-new-school-welcomes-students.html.csp,Kelly Lyon,2016-09-08 15:10:01,https://www.youtube.com/watch?v=Z3P1HO0BMlk
Sebastian's Story,http://registerguard.com/rg/video/34775415-319/sebastians-story.html.csp,Kylie Juggert,2016-09-07 18:29:01,https://www.youtube.com/watch?v=hkJXbJb-NxM
Century Farm: The legacy of 150 years,http://registerguard.com/rg/video/34764508-319/century-farm-the-legacy-of-150-years.html.csp,Kylie Juggert,2016-09-04 08:35:31,https://www.youtube.com/watch?v=ZBQZy39Lgok
South Eugene falls to Madison in season opener,http://registerguard.com/rg/video/34760587-319/south-eugene-falls-to-madison-in-season-opener.html.csp,Andy Nelson,2016-09-03 00:17:01,https://www.youtube.com/watch?v=xi4kKFFYxrc
Best seats in the house,http://registerguard.com/rg/video/34757796-319/best-seats-in-the-house.html.csp,Kelly Lyon,2016-09-02 10:21:35,https://www.youtube.com/watch?v=Gv2YMPYDGKY
New mural brightens downtown,http://registerguard.com/rg/video/34753996-319/new-mural-brightens-downtown.html.csp,Kelly Lyon,2016-09-01 08:12:01,https://www.youtube.com/watch?v=NiFlr7FrFU0
Burpees for cancer,http://registerguard.com/rg/video/34746738-319/burpees-for-cancer.html.csp,Kelly Lyon,2016-08-30 08:04:01,https://www.youtube.com/watch?v=7zULzHiN4sI
"Good Walks: Crashing, smashing beauties",http://registerguard.com/rg/video/34735714-319/good-walks-crashing-smashing-beauties.html.csp,Kim Gilbert,2016-08-26 15:10:37,https://www.youtube.com/watch?v=AO4qovK9bek
Spicing it up with barrels,http://registerguard.com/rg/video/34729956-319/spicing-it-up-with-barrels.html.csp,Kelly Lyon,2016-08-25 08:59:01,https://www.youtube.com/watch?v=NaF_w39NPTE
Un poquito picoso,http://registerguard.com/rg/video/34728464-319/un-poquito-picoso.html.csp,Chris Pietsch,2016-08-24 11:39:00,https://www.youtube.com/watch?v=iAEsGwS5KXo
Farm-fresh Rain Northwest,http://registerguard.com/rg/video/34711756-319/farm-fresh-rain-northwest.html.csp,Kelly Lyon,2016-08-19 13:45:25,https://www.youtube.com/watch?v=qbl0aeDY7BI
Willamettans: The freedom of nudity,http://registerguard.com/rg/video/34690614-319/willamettans-the-freedom-of-nudity.html.csp,Kylie Juggert,2016-08-14 17:51:00,http://www.youtube.com/watch?v=fmNDoCWJefM
New children’s book keeps Bigfoot legend alive,http://registerguard.com/rg/video/34679906-319/new-childrens-book-keeps-bigfoot-legend-alive.html.csp,Kelly Lyon,2016-08-12 10:36:49,https://www.youtube.com/watch?v=EFYyW1mffu8
Hoopers attempt to break record,http://registerguard.com/rg/video/34677408-319/hoopers-attempt-to-break-record.html.csp,Kelly Lyon,2016-08-11 18:14:00,https://www.youtube.com/watch?v=Fgxsh1Oz8hA
Good luck Devon Allen,http://registerguard.com/rg/video/34670211-319/good-luck-devon-allen.html.csp,Chris Pietsch,2016-08-10 08:48:00,https://www.youtube.com/watch?v=g7B6u5urBOs
Ballet Storybook Dance Camp,http://registerguard.com/rg/video/34668234-319/ballet-storybook-dance-camp.html.csp,Kylie Juggert,2016-08-09 19:06:00,https://www.youtube.com/watch?v=7X9KykbQaT0
Flavors of Scandinavia,http://registerguard.com/rg/video/34649668-319/flavors-of-scandinavia.html.csp,Collin Andrew,2016-08-05 12:45:49,https://www.youtube.com/watch?v=nmRuucjgj4Y
Women’s Institute on Leadership and Disability,http://registerguard.com/rg/video/34639701-319/womens-institute-on-leadership-and-disability.html.csp,Kelly Lyon,2016-08-02 15:19:01,https://www.youtube.com/watch?v=PyIAscabZ0A
KWVA rocks new studios,http://registerguard.com/rg/video/34628663-319/kwva-rocks-new-studios.html.csp,Kelly Lyon,2016-07-29 22:42:01,http://www.youtube.com/watch?v=xAyNTIPoJHE
Ukulele Camp,http://registerguard.com/rg/video/34627555-319/ukulele-camp.html.csp,Kylie Juggert,2016-07-29 16:49:01,https://www.youtube.com/watch?v=miWXTIAsH3s
Athletes get excited for Summer Series,http://registerguard.com/rg/video/34624103-319/athletes-get-excited-for-summer-series.html.csp,Kelly Lyon,2016-07-28 16:50:01,https://www.youtube.com/watch?v=2rRioPU-biw
Olympic Preview: Oregon's Stevens Rio bound,http://registerguard.com/rg/video/34619442-319/olympic-preview-oregons-stevens-rio-bound.html.csp,Chris Pietsch,2016-07-27 12:21:01,https://www.youtube.com/watch?v=O9L2U8mVhNU
Olympic Preview: Devon Allen is ready for Rio,http://registerguard.com/rg/video/34615276-319/olympic-preview-devon-allen-is-ready-for-rio.html.csp,Chris Pietsch,2016-07-26 11:22:01,https://www.youtube.com/watch?v=8H-BFNdNJ9Y
Olympic Preview: Washington named to 4x100 relay team,http://registerguard.com/rg/video/34613074-319/olympic-preview-washington-named-to-4x100-relay-team.html.csp,Chris Pietsch,2016-07-25 18:00:01,https://www.youtube.com/watch?v=7AgRBryYW-c
Stand-up paddleboard yoga,http://registerguard.com/rg/video/34602939-319/stand-up-paddleboard-yoga.html.csp,Collin Andrew,2016-07-22 11:32:32,https://www.youtube.com/watch?v=wdCToryW0pk
The ferris wheel through a child's eyes,http://registerguard.com/rg/video/34602699-319/the-ferris-wheel-through-a-childs-eyes.html.csp,Kylie Juggert,2016-07-22 09:50:01,https://www.youtube.com/watch?v=ZXb1j7gk_Uo
From football to fútbol: Real grass comes to Autzen Stadium,http://registerguard.com/rg/video/34594856-319/from-football-to-fútbol-real-grass-comes-to-autzen-stadium.html.csp,Kylie Juggert,2016-07-20 09:29:02,https://www.youtube.com/watch?v=gmEbuUA0fY0
PeaceHealth Sacred Heart Medical Center in Eugene marks 80 years,http://registerguard.com/rg/video/34592877-319/peacehealth-sacred-heart-medical-center-in-eugene-marks-80-years.html.csp,Kelly Lyon,2016-07-19 17:37:03,https://www.youtube.com/watch?v=tcI2rtuUjP8
Olympian Devon Allen is excused,http://registerguard.com/rg/video/34589463-319/olympian-devon-allen-is-excused.html.csp,Chris Pietsch,2016-07-18 16:43:01,https://www.youtube.com/watch?v=fr9UdYiukHo
This is NOT your father's yo-yo,http://registerguard.com/rg/video/34587508-319/this-is-not-your-fathers-yo-yo.html.csp,Chris Pietsch,2016-07-18 06:55:02,https://www.youtube.com/watch?v=65tGY3RbJrM
"Camp, Camera, Action!",http://registerguard.com/rg/video/34580784-319/camp-camera-action.html.csp,Kelly Lyon,2016-07-15 18:42:08,https://www.youtube.com/watch?v=ZvfxcVeuJYs
Young Women’s Fire Camp,http://registerguard.com/rg/video/34580048-319/young-womens-fire-camp.html.csp,Kylie Juggert,2016-07-15 14:59:01,https://www.youtube.com/watch?v=oh1mS_eZhow
Pizza perfect,http://registerguard.com/rg/video/34579194-319/pizza-perfect.html.csp,Kelly Lyon,2016-07-15 10:59:24,https://www.youtube.com/watch?v=AyM6F8Kjg8g
From Domaine Meriwether to Valhalla Winery,http://registerguard.com/rg/video/34576814-319/from-domaine-meriwether-to-valhalla-winery.html.csp,Kelly Lyon,2016-07-14 14:00:14,http://www.youtube.com/watch?v=-PWCkOZgGh0
Bluesy Tunes and Non-GMO Tofu: The Alves Brothers,http://registerguard.com/rg/video/34565435-319/bluesy-tunes-and-non-gmo-tofu-the-alves-brothers.html.csp,Kylie Juggert,2016-07-10 16:54:01,https://www.youtube.com/watch?v=RXA2bCNWDR0
Oregon Country Fair: Where tofu and music meet,http://registerguard.com/rg/video/34561094-319/oregon-country-fair-where-tofu-and-music-meet.html.csp,Kylie Juggert,2016-07-09 08:56:01,https://www.youtube.com/watch?v=0txgtl8xZZg
Christmas in June: Toilet Paper Drive,http://registerguard.com/rg/video/34556369-319/christmas-in-june-toilet-paper-drive.html.csp,Kylie Juggert,2016-07-07 21:55:43,https://www.youtube.com/watch?v=CdA3OfzE6Pg
Olympic Trials video: Oregon’s first Olympic Gold Medalist,http://registerguard.com/rg/video/34543561-319/olympic-trials-video-oregons-first-olympic-gold-medalist.html.csp,Chris Pietsch,2016-07-04 08:04:02,https://www.youtube.com/watch?v=7BJzs-A3sHY
Olympic Trials: Honoring the past,http://registerguard.com/rg/video/34540229-319/olympic-trials-honoring-the-past.html.csp,Chris Pietsch,2016-07-02 22:18:04,https://www.youtube.com/watch?v=YUX9giT0lYQ
The voice of Hayward Field,http://registerguard.com/rg/video/34539330-319/the-voice-of-hayward-field.html.csp,Kelly Lyon,2016-07-02 17:25:01,https://www.youtube.com/watch?v=lkTdPhiU4io
Playing the tasting game,http://registerguard.com/rg/video/34530748-319/playing-the-tasting-game.html.csp,Collin Andrew,2016-06-30 12:41:19,https://www.youtube.com/watch?v=XkyNdGb5oqA
"Olympic Trials preview: Eaton, Felix and Gatlin",http://registerguard.com/rg/video/34530749-319/olympic-trials-preview-eaton-felix-and-gatlin.html.csp,Kylie Juggert,2016-06-30 12:37:01,https://www.youtube.com/watch?v=QZ0G5o_YNSY
TrackTown16 Fan Zone,http://registerguard.com/rg/video/34529870-319/tracktown16-fan-zone.html.csp,Kelly Lyon,2016-06-30 08:44:01,https://www.youtube.com/watch?v=_HxWDYRyuuA
Good Walks: Summer rush,http://registerguard.com/rg/video/34510175-319/good-walks-summer-rush.html.csp,Kim Gilbert,2016-06-24 12:44:15,https://www.youtube.com/watch?v=ouI3dCL_HWw
World War II-era aircraft visit Eugene,http://registerguard.com/rg/video/34499385-319/world-war-ii-era-aircraft-visit-eugene.html.csp,Andy Nelson,2016-06-21 16:36:01,https://www.youtube.com/watch?v=97UXARmUj-Q
Restriping opinions,http://registerguard.com/rg/video/34488875-319/restriping-opinions.html.csp,Kelly Lyon,2016-06-18 08:26:32,http://www.youtube.com/watch?v=1WzX9IpRHM4
The soda king of Cottage Grove,http://registerguard.com/rg/video/34483823-319/the-soda-king-of-cottage-grove.html.csp,Kelly Lyon,2016-06-16 17:16:57,https://www.youtube.com/watch?v=gHdtmXnijfY
Shooting update from near the UCC shooting scene,http://registerguard.com/rg/video/34483287-319/shooting-update-from-near-the-ucc-shooting-scene.html.csp,Chelsea Gorrow,2016-06-16 14:36:47,https://www.youtube.com/watch?v=aalYIqNaLPY
Trump vs. Media,http://registerguard.com/rg/video/34483243-319/trump-vs.-media.csp,Chris Pietsch,2016-06-16 14:27:01,https://www.youtube.com/watch?v=MscKZaNr1kA
NCAA Track and Field Championships: Raevyn Rogers,http://registerguard.com/rg/video/34457870-319/ncaa-track-and-field-championships-raevyn-rogers.html.csp,Chris Pietsch,2016-06-09 09:07:01,https://www.youtube.com/watch?v=5n9zPe4h4Es
NCAA Championships: Devon Allen,http://registerguard.com/rg/video/34452532-319/ncaa-championships-devon-allen.html.csp,Chris Pietsch,2016-06-07 19:32:00,https://www.youtube.com/watch?v=wAF6bC_hud0
Agencies test emergency preparedness,http://registerguard.com/rg/video/34451657-319/agencies-test-emergency-preparedness.html.csp,Kelly Lyon,2016-06-07 15:10:01,https://www.youtube.com/watch?v=39E1darp_lo
Playtime is for adults,http://registerguard.com/rg/video/34438071-319/playtime-is-for-adults.html.csp,Collin Andrew,2016-06-03 11:49:48,https://www.youtube.com/watch?v=rJrr4niz8hU
Wheelchair Wrenchin’,http://registerguard.com/rg/video/34431623-319/wheelchair-wrenchin.html.csp,Kelly Lyon,2016-06-01 17:45:01,https://www.youtube.com/watch?v=FTjZqqVlhLw
Oregon’s sub-four legacy,http://registerguard.com/rg/video/34414651-319/oregons-sub-four-legacy.html.csp,Andy Nelson,2016-05-27 10:45:01,https://www.youtube.com/watch?v=RzVHjfgoUwY
Remembering Pre,http://registerguard.com/rg/video/34414285-319/remembering-pre.html.csp,Chris Pietsch,2016-05-27 08:15:32,https://www.youtube.com/watch?v=08Sh6iMw0oY
Thursday market in the Whit,http://registerguard.com/rg/video/34409072-319/thursday-market-in-the-whit.html.csp?autoStart=true,Kelly Lyon,2016-05-25 17:25:01,https://www.youtube.com/watch?v=INqJLuKlREY
Into the Beergarden,http://registerguard.com/rg/video/34408926-319/into-the-beergarden.html.csp,Collin Andrew,2016-05-25 16:31:18,https://www.youtube.com/watch?v=aBLHRJZ2wCA
Better with bitters,http://registerguard.com/rg/video/34405094-319/better-with-bitters.html.csp,,2016-05-25 09:36:21,https://www.youtube.com/watch?v=AbQzHNxz_PU
Dream farm back-story,http://registerguard.com/rg/video/34400976-319/dream-farm-back-story.html.csp,,2016-05-23 14:15:20,http://www.youtube.com/watch?v=O3wIu8DOzE0
Good Walks: Ridge with a view,http://registerguard.com/rg/video/34391618-319/good-walks-ridge-with-a-view.html.csp,Kim Gilbert,2016-05-20 11:40:26,https://www.youtube.com/watch?v=E69o7b8_yNE
A visit to the High Desert Museum,http://registerguard.com/rg/video/34389298-319/a-visit-to-the-high-desert-museum.html.csp,Collin Andrew,2016-05-19 17:04:08,https://www.youtube.com/watch?v=n-uyGE2YNtg
"An aerial guide to Eugene Country Club, host to the NCAA golf championships",http://registerguard.com/rg/video/34379799-319/an-aerial-guide-to-eugene-country-club-host-to-the-ncaa-golf-championships.html.csp,Rob Romig and Andy Nelson,2016-05-18 09:45:08,https://www.youtube.com/watch?v=NsWL60BIDMM
Wonders of the Samuel H. Boardman Scenic Corridor,http://registerguard.com/rg/video/34380249-319/wonders-of-the-samuel-h.-boardman-scenic-corridor.csp,Collin Andrew,2016-05-17 12:00:33,https://www.youtube.com/watch?v=k33GDU3sbPs
The spirit of Mount Angel Abbey,http://registerguard.com/rg/video/34377066-319/the-spirit-of-mount-angel-abbey.html.csp,Collin Andrew,2016-05-16 13:02:56,https://www.youtube.com/watch?v=XIXE3fOq-N0
Hot-air balloons light up the night,http://registerguard.com/rg/video/34377022-319/hot-air-balloons-light-up-the-night.html.csp,Collin Andrew,2016-05-16 12:21:20,https://www.youtube.com/watch?v=DFXun1eH4eM
Oregon Softball wins Pac-12 championship,http://registerguard.com/rg/video/34368344-319/oregon-softball-wins-pac-12-championship.html.csp,Chris Pietsch,2016-05-13 19:48:00,https://www.youtube.com/watch?v=SwSBoGgQdFQ
DIY: Build your own birdhouse,http://registerguard.com/rg/video/34366442-319/diy-build-your-own-birdhouse.html.csp,Kelly Lyon,2016-05-13 11:12:05,https://www.youtube.com/watch?v=sCBAbc7N4iE
Something’s always blooming at Oregon Garden,http://registerguard.com/rg/video/34363962-319/somethings-always-blooming-at-oregon-garden.html.csp,Collin Andrew,2016-05-12 14:48:45,http://www.youtube.com/watch?v=NWBYVw3ttEk
"Cottage comfort, indoors and out",http://registerguard.com/rg/video/34360627-319/cottage-comfort-indoors-and-out.html.csp,,2016-05-11 16:38:00,https://www.youtube.com/watch?v=s_ZEdXSZJo4
What’s up with SUP?,http://registerguard.com/rg/video/34359625-319/whats-up-with-sup.html.csp,Kelly Lyon,2016-05-11 12:28:05,https://www.youtube.com/watch?v=djrT5BC7GSg
Mesmerizing tour of Cape Blanco Light Station,http://registerguard.com/rg/video/34352693-319/mesmerizing-tour-of-cape-blanco-light-station.html.csp,Collin Andrew,2016-05-09 12:12:07,https://www.youtube.com/watch?v=MoJ48Ab9l94
Trump rallies the faithful in Eugene,http://registerguard.com/rg/video/34346328-319/trump-rallies-the-faithful-in-eugene.html.csp,Chris Pietsch,2016-05-06 22:28:00,http://www.youtube.com/watch?v=seIDp9djb7s
Trump supporters and protestors meet at the Lane County Fairgrounds,http://registerguard.com/rg/video/34346242-319/trump-supporters-and-protestors-meet-at-the-lane-county-fairgrounds.html.csp,Kelly Lyon,2016-05-06 21:38:00,https://www.youtube.com/watch?v=huGnqVwYGzw
Grand paddling at Port Orford Heads,http://registerguard.com/rg/video/34340898-319/grand-paddling-at-port-orford-heads.html.csp,Collin Andrew,2016-05-05 10:32:13,https://www.youtube.com/watch?v=wEzoNzSiwxQ
Oregon’s Hoke debuts the 4-3 D,http://registerguard.com/rg/video/34333319-319/oregons-hoke-debuts-the-4-3-d.html.csp,Chris Pietsch,2016-05-03 06:16:00,https://www.youtube.com/watch?v=zICEV66oB8c
Bernie Sanders in Springfield,http://registerguard.com/rg/video/34318665-319/bernie-sanders-in-springfield.html.csp,Chris Pietsch,2016-04-28 16:38:01,https://www.youtube.com/watch?v=PkrgTdPRX78
Supporters feel the Bern,http://registerguard.com/rg/video/34318206-319/supporters-feel-the-bern.html.csp,Kelly Lyon,2016-04-28 14:22:01,https://www.youtube.com/watch?v=bnOKeHZp_nA
Oregon spring football: Installing the 4-3 defense,http://registerguard.com/rg/video/34297287-319/oregon-spring-football-installing-the-4-3-defense.html.csp,Chris Pietsch,2016-04-22 17:16:01,https://www.youtube.com/watch?v=Z-KCah8iIt0
Spring has sprung garage sale season,http://registerguard.com/rg/video/34296454-319/spring-has-sprung-garage-sale-season.html.csp,Kelly Lyon,2016-04-22 12:50:51,https://www.youtube.com/watch?v=COjF55-hTdQ
(Sub) Urban Projections,http://registerguard.com/rg/video/34295226-319/sub-urban-projections.html.csp,Kelly Lyon,2016-04-22 00:23:01,https://www.youtube.com/watch?v=Ya8ZXPZzO0Y
"Bill Walton talks life, love of Oregon and his new book",http://registerguard.com/rg/video/34281208-319/bill-walton-talks-life-love-of-oregon-and-his-new-book.html.csp,Brian Davies,2016-04-18 10:18:01,https://www.youtube.com/watch?v=HlZS1IqM4os
Volunteers of the year,http://registerguard.com/rg/video/34273010-319/volunteers-of-the-year.html.csp,Kelly Lyon,2016-04-15 17:13:02,https://www.youtube.com/watch?v=sO96MJuD2Zo
Build garden beauty in ornamental hanging baskets,http://registerguard.com/rg/video/34272257-319/build-garden-beauty-in-ornamental-hanging-baskets.html.csp,Collin Andrew,2016-04-15 13:53:33,https://www.youtube.com/watch?v=JN0rHD9t428
New England Twist,http://registerguard.com/rg/video/34234609-319/new-england-twist.html.csp,Collin Andrew,2016-04-05 09:09:01,https://www.youtube.com/watch?v=kz9wES-WiX4
On the urban winery circuit,http://registerguard.com/rg/video/34222661-319/on-the-urban-winery-circuit.html.csp,Kelly Lyon,2016-04-01 11:09:01,https://www.youtube.com/watch?v=tCct1P27eII
Good Walks: To Spencer Butte summit,http://registerguard.com/rg/video/34201479-319/good-walks-to-spencer-butte-summit.html.csp,Kim Gilbert/The Register-Guard,2016-03-25 11:05:21,https://www.youtube.com/watch?v=Nmvdaq4Bs-M
New Jane Sanders Stadium,http://registerguard.com/rg/video/34200517-319/new-jane-sanders-stadium.html.csp,Kelly Lyon,2016-03-24 22:09:01,https://www.youtube.com/watch?v=8pq1vUkUysI
Horse Play,http://registerguard.com/rg/video/34196912-319/horse-play.html.csp,Kelly Lyon,2016-03-23 20:19:02,https://www.youtube.com/watch?v=j5Dzdfrg-Pc
Folksy Steps,http://registerguard.com/rg/video/34181240-319/folksy-steps.html.csp,Kelly Lyon,2016-03-18 21:40:01,https://www.youtube.com/watch?v=3YGc8eUqT9I
Culinary travels at Evergreen Indian Cuisine,http://registerguard.com/rg/video/34153262-319/culinary-travels-at-evergreen-indian-cuisine.html.csp,Kelly Lyon/The Register-Guard,2016-03-11 12:19:57,https://www.youtube.com/watch?v=add9L9WQEwk
Joe’s Team,http://registerguard.com/rg/video/34133557-319/joes-team.html.csp,Kelly Lyon,2016-03-06 07:55:31,https://www.youtube.com/watch?v=R-cq7gPB95w
For the love of cellos,http://registerguard.com/rg/video/34126655-319/for-the-love-of-cellos.html.csp,Kelly Lyon,2016-03-04 12:29:01,https://www.youtube.com/watch?v=nGKhxB62JyE
Reality Kitchen serves up job skills,http://registerguard.com/rg/video/34116523-319/reality-kitchen-serves-up-job-skills.html.csp,Kelly Lyon,2016-03-01 19:35:01,https://www.youtube.com/watch?v=eY54AfSbJq8
Hummingbird Cam: Behind the scenes,http://registerguard.com/rg/video/34114931-319/hummingbird-cam-behind-the-scenes.html.csp,Chris Pietsch,2016-03-01 12:17:01,https://www.youtube.com/watch?v=PpNQiGM8yxI
Good Walks: Goodman Creek Trail,http://registerguard.com/rg/video/34101516-319/good-walks-goodman-creek-trail.html.csp,Kim Gilbert,2016-02-26 11:40:49,https://www.youtube.com/watch?v=sOlkOqXrf7k
Upcycling Fashion Challenge,http://registerguard.com/rg/video/34098586-319/upcycling-fashion-challenge.html.csp,Kelly Lyon,2016-02-25 16:49:01,https://www.youtube.com/watch?v=RXCQIVPPHJM
Celtic spirits,http://registerguard.com/rg/video/34093814-319/celtic-spirits.html.csp,Kelly Lyon,2016-02-24 11:06:00,https://www.youtube.com/watch?v=Iu2--Od6jMY
An emotional farewell for Oregon’s Liz Brenner,http://registerguard.com/rg/video/34091289-319/an-emotional-farewell-for-oregons-liz-brenner.html.csp,Chris Pietsch,2016-02-23 17:03:01,https://www.youtube.com/watch?v=bQCPIgOstaA
Renaissance Room Remodeled at LCC,http://registerguard.com/rg/video/34076629-319/renaissance-room-remodeled-at-lcc.html.csp,Kelly Lyon,2016-02-19 10:24:00,https://www.youtube.com/watch?v=itJPlnm-_Gs
Umpqua rockslide gets blasted,http://registerguard.com/rg/video/34074314-319/umpqua-rockslide-gets-blasted.html.csp,Kelly Lyon,2016-02-18 18:04:01,http://www.youtube.com/watch?v=2fDnXvH8tGE
Flavorful fun at Party Downtown,http://registerguard.com/rg/video/34069666-319/flavorful-fun-at-party-downtown.html.csp,Collin Andrew,2016-02-17 11:18:24,https://www.youtube.com/watch?v=kelcSZoP9JY
Jian Bing!,http://registerguard.com/rg/video/34069564-319/jian-bing.html.csp,Kelly Lyon,2016-02-17 10:39:01,https://www.youtube.com/watch?v=IkXisIQSVm4
Singing Valentines,http://registerguard.com/rg/video/34055600-319/singing-valentines.html.csp,Chris Pietsch,2016-02-12 17:11:01,https://www.youtube.com/watch?v=RJ7eslz6FBU
Beautiful noise,http://registerguard.com/rg/video/34052470-319/beautiful-noise.html.csp,Kelly Lyon,2016-02-11 19:28:01,http://www.youtube.com/watch?v=_3jOiife4aI
Making cocktails with Vivacity Fine Spirits,http://registerguard.com/rg/video/34050824-319/making-cocktails-with-vivacity-fine-spirits.html.csp,Collin Andrew,2016-02-11 11:34:08,http://www.youtube.com/watch?v=VMroxkc6a98
Brewing on the wild side,http://registerguard.com/rg/video/34047984-319/brewing-on-the-wild-side.html.csp,Kelly Lyon,2016-02-10 16:53:01,https://www.youtube.com/watch?v=4YHgxQF0QXo
Living Large in the Lincoln School,http://registerguard.com/rg/video/34043545-319/living-large-in-the-lincoln-school.html.csp,Kelly Lyon,2016-02-09 12:50:01,https://www.youtube.com/watch?v=Z48dtDnV2AE
Family business still blooming,http://registerguard.com/rg/video/34039660-319/family-business-still-blooming.html.csp,Kelly Lyon,2016-02-08 09:13:02,https://www.youtube.com/watch?v=_YS_MEOHufQ
Ammon Bundy makes statement from jail,http://registerguard.com/rg/video/34027339-319/ammon-bundy-makes-statement-from-jail.html.csp,Kelly Lyon,2016-02-04 14:20:01,https://www.youtube.com/watch?v=3auqOntV6F4
Humpback whale washes ashore at Seaside,http://registerguard.com/rg/video/34022881-319/humpback-whale-washes-ashore-at-seaside.html.csp,Chris Pietsch,2016-02-03 10:39:01,https://www.youtube.com/watch?v=sn-7sNyPaCM
Malheur standoff divides community,http://registerguard.com/rg/video/34015568-319/malheur-standoff-divides-community.html.csp,Chris Pietsch,2016-02-01 08:47:01,https://www.youtube.com/watch?v=HDazmEgrEis
Good Walks: Downtown Springfield and the Washburne district,http://registerguard.com/rg/video/34007401-319/good-walks-downtown-springfield-and-the-washburne-district.html.csp,Kim Gilbert/The Register-Guard,2016-01-29 14:37:01,https://www.youtube.com/watch?v=0aLUvGo9nA8
LaVoy Finicum talks guns and life on January 6,http://registerguard.com/rg/video/34006744-319/lavoy-finicum-talks-guns-and-life-on-january-6.html.csp,Andy Nelson,2016-01-29 10:25:01,https://www.youtube.com/watch?v=7ntIS498pMU
Hamlet cast visits Shakespeare’s First Folio,http://registerguard.com/rg/video/34004159-319/hamlet-cast-visits-shakespeares-first-folio.html.csp,Kelly Lyon,2016-01-28 16:15:01,https://www.youtube.com/watch?v=iXECY5ws_ME
Video: Roadblock at Malheur NWR,http://registerguard.com/rg/video/34000386-319/video-roadblock-at-malheur-nwr.html.csp,Chris Pietsch,2016-01-27 18:11:03,https://www.youtube.com/watch?v=wXFG14vUIGU
Eugene Police throw a K9 party,http://registerguard.com/rg/video/34000029-319/eugene-police-throw-a-k9-party.html.csp,Kelly Lyon,2016-01-27 16:25:01,https://www.youtube.com/watch?v=exbkV4pxqU0
Timelapse video: construction of Eugene’s new Veterans clinic,http://registerguard.com/rg/video/33991912-319/timelapse-video-construction-of-eugenes-new-veterans-clinic.html.csp,Rob Romig,2016-01-25 09:29:29,https://www.youtube.com/watch?v=1bnv583joQA
Timelapse video: construction of Eugene’s new Veterans clinic,http://registerguard.com/rg/video/33991116-319/timelapse-video-construction-of-eugenes-new-veterans-clinic.html.csp,Rob Romig,2016-01-25 08:26:00,https://www.youtube.com/watch?v=1bnv583joQA
Airstream trailer reconstructed as a tiny house,http://registerguard.com/rg/video/33983574-319/airstream-trailer-reconstructed-as-a-tiny-house.html.csp,Kelly Lyon,2016-01-22 16:22:01,https://www.youtube.com/watch?v=GpXOGAojlh0
Amy E’s Bakery sweets crafted the old-school way,http://registerguard.com/rg/video/33982698-319/amy-es-bakery-sweets-crafted-the-old-school-way.html.csp,Collin Andrew,2016-01-22 11:59:02,https://www.youtube.com/watch?v=NUz35d9Q4Qg
Vintage pinball school at Blairally,http://registerguard.com/rg/video/33978529-319/vintage-pinball-school-at-blairally.html.csp,Kelly Lyon,2016-01-21 08:21:01,https://www.youtube.com/watch?v=cDMmAhohGq0
Protest against Malheur occupation,http://registerguard.com/rg/video/33972360-319/protest-against-malheur-occupation.html.csp,Chris Pietsch,2016-01-19 16:31:01,https://www.youtube.com/watch?v=Bi2F9m6_bbY
The end of the Rooster,http://registerguard.com/rg/video/33961617-319/the-end-of-the-rooster.html.csp,Brian Davies,2016-01-16 10:21:01,https://www.youtube.com/watch?v=pZ9X9LNTxyU
Hunting for Truffles,http://registerguard.com/rg/video/33959523-319/hunting-for-truffles.html.csp,Kelly Lyon,2016-01-15 16:09:01,https://www.youtube.com/watch?v=rBYr9NN6l_U
South Eugene debater Leo Saenger demonstrates spread style debate,http://registerguard.com/rg/video/33955626-319/south-eugene-debater-leo-saenger-demonstrates-spread-style-debate.html.csp,Andy Nelson,2016-01-14 16:19:01,https://www.youtube.com/watch?v=PLL28NY8fnE
New veterans heath clinic opening soon,http://registerguard.com/rg/video/33951154-319/new-veterans-heath-clinic-opening-soon.html.csp,(Kelly Lyon/The Register-Guard),2016-01-13 14:36:01,https://www.youtube.com/watch?v=buVtuvjaaxw
What’s up in the Whit,http://registerguard.com/rg/video/33934444-319/whats-up-in-the-whit.html.csp,(Kelly Lyon/The Register-Guard),2016-01-08 16:10:01,https://www.youtube.com/watch?v=cGP9PR_Nje4
Midwinter Fruit Burst,http://registerguard.com/rg/video/33925413-319/midwinter-fruit-burst.html.csp,Kelly Lyon,2016-01-06 10:40:01,https://www.youtube.com/watch?v=jtcZkBK7k10
"Ryan Bundy discusses plans, philosophy of armed protesters occupying Malheur wildlife refuge",http://registerguard.com/rg/video/33925260-319/ryan-bundy-discusses-plans-philosophy-of-armed-protesters-occupying-malheur-wildlife-refuge.html.csp,Andy Nelson,2016-01-06 09:14:00,https://www.youtube.com/watch?v=tjvy03npnww
Egan Warming Centers open,http://registerguard.com/rg/video/33910113-319/egan-warming-centers-open.html.csp,Kelly Lyon,2016-01-01 10:49:16,https://www.youtube.com/watch?v=LSmGfqMvfiI
Wine words: ‘Varietal’ vs. ‘variety’,http://registerguard.com/rg/video/33907833-319/wine-words-varietal-vs.-variety.csp,Kelly Lyon,2015-12-31 13:39:47,https://www.youtube.com/watch?v=dT0pkKH7HcU
A look at some contenders for the 2015 word of the year,http://registerguard.com/rg/video/33907217-319/a-look-at-some-contenders-for-the-2015-word-of-the-year.html.csp,Kelly Lyon,2015-12-31 09:25:01,https://www.youtube.com/watch?v=hFvku774axo
"Homestyle weed, bug remedies",http://registerguard.com/rg/video/33900573-319/homestyle-weed-bug-remedies.html.csp,Collin Andrew,2015-12-29 10:43:01,https://www.youtube.com/watch?v=2Rxzn-op6gQ
Holiday market goes out with a song,http://registerguard.com/rg/video/33890831-319/holiday-market-goes-out-with-a-song.html.csp,Kelly Lyon,2015-12-24 15:19:01,https://www.youtube.com/watch?v=ViNrKGZ2Bdw
"From the archive: Coach Helfrich on life, football and woulda, coulda, shoulda",http://registerguard.com/rg/video/33890433-319/coach-helfrich-on-life-football-and-woulda-coulda-shoulda.html.csp,Chris Pietsch,2015-12-24 11:33:16,http://www.youtube.com/watch?v=j51MX1juo7w
Holiday food giveaway,http://registerguard.com/rg/video/33888082-319/holiday-food-giveaway.html.csp,Kelly Lyon,2015-12-23 15:33:01,https://www.youtube.com/watch?v=EChTyEwdv_Y
Collectors Holiday Decor,http://registerguard.com/rg/video/33884661-319/collectors-holiday-decor.html.csp,Kelly Lyon,2015-12-22 15:58:01,https://www.youtube.com/watch?v=EUSZ6EnHFXE
Opening day ‘rocks’ at Willamette Pass,http://registerguard.com/rg/video/33873054-319/opening-day-rocks-at-willamette-pass.html.csp,Kelly Lyon,2015-12-18 21:13:01,https://www.youtube.com/watch?v=te0OzwwIghY
Mercer Lake landslide kills one,http://registerguard.com/rg/video/33871763-319/mercer-lake-landslide-kills-one.html.csp,Andy Nelson,2015-12-18 16:27:01,https://www.youtube.com/watch?v=Gwt6xpVLp1I
North Eugene egg drop,http://registerguard.com/rg/video/33869027-319/north-eugene-egg-drop.html.csp,Andy Nelson,2015-12-17 19:15:01,https://www.youtube.com/watch?v=uxXGd6Z88ps
Holiday lights tour,http://registerguard.com/rg/video/33868711-319/holiday-lights-tour.html.csp,Kelly Lyon,2015-12-17 18:06:01,https://www.youtube.com/watch?v=Y_09T6E15fE
Aerial tour of The Register-Guard’s giant Santa,http://registerguard.com/rg/news/33857782-76/aerial-tour-of-the-register-guards-giant-santa.html.csp,Rob Romig,2015-12-16 07:13:10,https://youtu.be/hn3zHNvbaXc
Upcycle your gift-wrap,http://registerguard.com/rg/video/33846758-319/upcycle-your-gift-wrap.html.csp,Kelly Lyon/The Register-Guard,2015-12-11 12:46:41,https://www.youtube.com/watch?v=c7QxakqU1pI
40 years? WOW!,http://registerguard.com/rg/video/33846442-319/40-years-wow.html.csp,Kelly Lyon,2015-12-11 10:46:02,https://www.youtube.com/watch?v=3YGc8eUqT9I
Not too old to learn,http://registerguard.com/rg/video/33821003-319/not-too-old-to-learn.html.csp,Andy Nelson,2015-12-04 11:35:03,https://www.youtube.com/watch?v=4jXbjR1PT0A
Flair for festive finery at Festival of Trees,http://registerguard.com/rg/video/33785839-319/flair-for-festive-finery-at-festival-of-trees.html.csp,Collin Andrew/The Register-Guard,2015-11-27 12:10:02,https://www.youtube.com/watch?v=dn-OwkZxkOY
All a-board for fun with food,http://registerguard.com/rg/video/33777855-319/all-a-board-for-fun-with-food.html.csp,Collin Andrew,2015-11-25 11:03:03,https://www.youtube.com/watch?v=LxaRpSiOISM
The U Can Gym,http://registerguard.com/rg/video/33715219-319/the-u-can-gym.html.csp,Brian Davies,2015-11-15 19:53:35,https://www.youtube.com/watch?v=V8Kkq38AkK8
University of Oregon students say Black Lives Matter,http://registerguard.com/rg/video/33714479-319/university-of-oregon-students-say-black-lives-matter.html.csp,Brian Davies,2015-11-13 11:19:03,https://www.youtube.com/watch?v=Z-MVoKTwUoo
Golden days for gardens,http://registerguard.com/rg/video/33709865-319/golden-days-for-gardens.html.csp,Collin Andrew,2015-11-12 10:36:03,https://www.youtube.com/watch?v=EIoU7gle3n8
McMenamins’ craft-beer legacy carries on at High Street Brewery & Café,http://registerguard.com/rg/video/33701378-319/mcmenamins-craft-beer-legacy-carries-on-at-high-street-brewery--café.html.csp,Kelly Lyon,2015-11-10 12:04:03,https://www.youtube.com/watch?v=pUj9dvyCgM8
A visit to hidden-away Harris Bridge Vineyard,http://registerguard.com/rg/video/33697891-319/a-visit-to-hidden-away-harris-bridge-vineyard.html.csp,Kelly Lyon,2015-11-09 15:32:03,https://www.youtube.com/watch?v=ECmPByWYC7Y
Otis Day performs ‘Shout’ before the Oregon vs. Cal game,http://registerguard.com/rg/video/33690322-319/otis-day-performs-shout-before-the-oregon-vs.-cal-game.csp,Chris Pietsch,2015-11-07 19:44:02,http://www.youtube.com/watch?v=apTADhhDjfM
Passion To Play,http://registerguard.com/rg/video/33679336-319/passion-to-play.html.csp,Collin Andrew,2015-11-05 09:28:04,https://www.youtube.com/watch?v=z-qoy4K0o90
Tamarack pool faces closure,http://registerguard.com/rg/video/33676541-319/tamarack-pool-faces-closure.html.csp,Kelly Lyon,2015-11-04 17:49:02,https://www.youtube.com/watch?v=DtEp2Y_EjXQ
Backyard pirate-ship playhouse,http://registerguard.com/rg/video/33672127-319/backyard-pirate-ship-playhouse.html.csp,Collin Andrew,2015-11-03 16:52:02,https://www.youtube.com/watch?v=WNYwJ6Wumrg
Home & Garden Monthly columnist Ellen Schlesinger,http://registerguard.com/rg/video/33671342-319/home--garden-monthly-columnist-ellen-schlesinger.html.csp,Kelly Lyon,2015-11-03 12:50:02,https://www.youtube.com/watch?v=OO2wK9DsY5E
"Arcimoto unveils their electric vehicle, the SRK",http://registerguard.com/rg/video/33665579-319/arcimoto-unveils-their-electric-vehicle-the-srk.html.csp,Kelly Lyon,2015-11-01 15:48:02,http://www.youtube.com/watch?v=ImgUC0pxSQE
Magic wheelchair,http://registerguard.com/rg/video/33656959-319/magic-wheelchair.html.csp,Brian Davies,2015-10-29 21:02:02,https://www.youtube.com/watch?v=lW-ir5J2QbY
Eugene dress designers Velvet Edge get sweet with their fashion ideas for Halloween,http://registerguard.com/rg/video/33652361-319/eugene-dress-designers-velvet-edge-get-sweet-with-their-fashion-ideas-for-halloween.html.csp,Kelly Lyon,2015-10-28 16:16:03,https://www.youtube.com/watch?v=Ut7_Rj734bo
Video: Circle of life at Odell Lake,http://registerguard.com/rg/video/33647379-319/video-circle-of-life-at-odell-lake.html.csp?autoStart=true,Chris Pietsch,2015-10-27 06:16:02,http://www.youtube.com/watch?v=p_9Ra9td5cU
Glass Artist Susie Zeitner,http://registerguard.com/rg/video/33637017-319/glass-artist-susie-zeitner.html.csp,Kelly Lyon,2015-10-23 14:34:02,https://www.youtube.com/watch?v=MLSJT4Id_L8
Eugene Ski Swap 2015,http://registerguard.com/rg/video/33636883-319/eugene-ski-swap-2015.html.csp,Collin Andrew,2015-10-23 13:57:02,https://www.youtube.com/watch?v=lMccrziFA1w
Fermentation on Wheels,http://registerguard.com/rg/video/33636839-319/fermentation-on-wheels.html.csp,Collin Andrew,2015-10-23 13:42:02,https://www.youtube.com/watch?v=IarNubBLyHo
A bird’s-eye view of the corn maze at Lone Pine Farms,http://registerguard.com/rg/video/33634506-319/a-birds-eye-view-of-the-corn-maze-at-lone-pine-farms.html.csp,Rob Romig and Andy Nelson,2015-10-23 06:38:25,http://www.youtube.com/watch?v=atNJL9ypV5A
Memories of the Spruce Goose,http://registerguard.com/rg/video/33617921-319/memories-of-the-spruce-goose.html.csp,Brian Davies,2015-10-17 12:43:02,https://www.youtube.com/watch?v=ZF1QxJtdxhU
Third graders visit the Youth Farm,http://registerguard.com/rg/video/33616092-319/third-graders-visit-the-youth-farm.html.csp,Kelly Lyon,2015-10-16 16:16:02,https://www.youtube.com/watch?v=gzIPCibRVvg
Pac-12 Media Days: Dessert Wars,http://registerguard.com/rg/video/33613295-319/pac-12-media-days-dessert-wars.html.csp,Chris Pietsch,2015-10-15 18:25:02,https://www.youtube.com/watch?v=WIQoCdoMKJU
Brigadoon winery attributes early Riesling harvest to summer heat,http://registerguard.com/rg/video/33609934-319/brigadoon-winery-attributes-early-riesling-harvest-to-summer-heat.html.csp,Kelly Lyon,2015-10-14 17:56:17,https://www.youtube.com/watch?v=KMev_lMX6cM
Fresh-noodle philosophy at Placido’s Pasta Shop,http://registerguard.com/rg/video/33608770-319/fresh-noodle-philosophy-at-placidos-pasta-shop.html.csp,Kelly Lyon,2015-10-14 12:09:02,https://www.youtube.com/watch?v=9kxwDJCnoWk
Ceramic artist Annie Heron on her love for clay,http://registerguard.com/rg/video/33605030-319/ceramic-artist-annie-heron-on-her-love-for-clay.html.csp,Kelly Lyon,2015-10-13 09:50:02,https://www.youtube.com/watch?v=YwK4G9-y6iY
Obama visit brings out emotions,http://registerguard.com/rg/video/33594701-319/obama-visit-brings-out-emotions.html.csp,Chris Pietsch,2015-10-09 16:17:03,https://www.youtube.com/watch?v=DwxS6HseefM
President Obama lands in Eugene,http://registerguard.com/rg/video/33594611-319/president-obama-lands-in-eugene.html.csp,Kelly Lyon,2015-10-09 15:35:02,https://www.youtube.com/watch?v=XTfE3jydf9E
Mayor Piercy meets with President Obama,http://registerguard.com/rg/video/33594472-319/mayor-piercy-meets-with-president-obama.html.csp,Kelly Lyon,2015-10-09 14:50:02,https://www.youtube.com/watch?v=e9tlPs17w1M
Eugene crowds at Eugene Airport,http://registerguard.com/rg/video/33594396-319/eugene-crowds-at-eugene-airport.html.csp,Collin Andrew,2015-10-09 14:30:03,https://www.youtube.com/watch?v=5tTuKESmHJk
The Reverend Billy visits Kesey Square,http://registerguard.com/rg/video/33591854-319/the-reverend-billy-visits-kesey-square.html.csp,Kelly Lyon,2015-10-08 18:03:03,https://www.youtube.com/watch?v=lo_9aYS49ws
Julie Woodworth news conference,http://registerguard.com/rg/video/33591844-319/julie-woodworth-news-conference.html.csp,The Register-Guard,2015-10-08 18:02:02,https://www.youtube.com/watch?v=dqBUhkfcDio
The Reverend Billy visits Kesey Square,http://registerguard.com/rg/video/33591812-319/the-reverend-billy-visits-kesey-square.html.csp,Kelly Lyon,2015-10-08 17:52:02,https://www.youtube.com/watch?v=lo_9aYS49ws
"Supporters gather at funeral for Jason Johnson, victim at Umpqua Community College shooting",http://registerguard.com/rg/video/33591688-319/supporters-gather-at-funeral-for-jason-johnson-victim-at-umpqua-community-college-shooting.html.csp,Chelsea Gorrow,2015-10-08 17:03:02,https://www.youtube.com/watch?v=6NEvFIGVpzE
Coyote still just livin’ the life along Chad Drive in northeast Eugene,http://registerguard.com/rg/video/33591226-319/coyote-still-just-livin-the-life-along-chad-drive-in-northeast-eugene.html.csp,Collin Andrew,2015-10-08 14:51:02,https://www.youtube.com/watch?v=LXo4md3xofU
"Police use of deadly force justified in UCC response, district attorney finds",http://registerguard.com/rg/video/33588128-319/police-use-of-deadly-force-justified-in-ucc-response-district-attorney-finds.html.csp,Chris Pietsch,2015-10-07 17:07:02,https://www.youtube.com/watch?v=on3bwsZuU78
Mixed feelings in Roseburg as President Obama announces visit,http://registerguard.com/rg/video/33588108-319/mixed-feelings-in-roseburg-as-president-obama-announces-visit.html.csp,Chris Pietsch,2015-10-07 17:00:03,https://www.youtube.com/watch?v=3Hs-pCEOF60
Komen Race for the Cure,http://registerguard.com/rg/video/33578255-319/komen-race-for-the-cure.html.csp,Kelly Lyon,2015-10-04 16:02:02,https://www.youtube.com/watch?v=h-q9vc2-iHA
Roseburg shooting follow: Victims names are released,http://registerguard.com/rg/video/33571432-319/roseburg-shooting-follow-victims-names-are-released.html.csp,Chris Pietsch,2015-10-02 18:11:02,https://www.youtube.com/watch?v=ciZOVeyZfWY
Roseburg shooting follow: Oregon Gov. Brown joins community in morning,http://registerguard.com/rg/video/33571431-319/roseburg-shooting-follow-oregon-gov.-brown-joins-community-in-morning.csp,Chris Pietsch,2015-10-02 18:09:03,https://www.youtube.com/watch?v=EYeHEwg2ae0
Roseburg shooting follow: ATF describes weapons used,http://registerguard.com/rg/video/33571421-319/roseburg-shooting-follow-atf-describes-weapons-used.html.csp,Chris Pietsch,2015-10-02 18:07:02,https://www.youtube.com/watch?v=w65aURwmOKI
Harvest Season in Lane County,http://registerguard.com/rg/video/33569938-319/harvest-season-in-lane-county.html.csp,Kelly Lyon,2015-10-02 10:17:03,https://www.youtube.com/watch?v=6rCpY7gMO7o
Roseburg gathers for a vigil,http://registerguard.com/rg/video/33568894-319/roseburg-gathers-for-a-vigil.html.csp,Chelsea Gorrow,2015-10-01 23:05:29,https://www.youtube.com/watch?v=Vx0DCHZ5tvA
Shooting follow: “We ran”,http://registerguard.com/rg/video/33568164-319/shooting-follow-we-ran.html.csp,Chris Pietsch,2015-10-01 19:16:03,https://www.youtube.com/watch?v=WTauOP5Bsm0
Student recalls lockdown after shooting,http://registerguard.com/rg/video/33568147-319/student-recalls-lockdown-after-shooting.html.csp,Chris Pietsch,2015-10-01 19:12:02,https://www.youtube.com/watch?v=qf355Mj_Ot8
Shooting update from near the UCC shooting scene,http://registerguard.com/rg/video/33568093-319/shooting-update-from-near-the-ucc-shooting-scene.html.csp,Chris Pietsch and Chelsea Gorrow,2015-10-01 19:04:02,https://www.youtube.com/watch?v=aalYIqNaLPY
PeaceHealth Sacred Heart Medical Center responds to UCC shooting,http://registerguard.com/rg/video/33568056-319/peacehealth-sacred-heart-medical-center-responds-to-ucc-shooting.html.csp,Kelly Lyon,2015-10-01 18:57:16,https://www.youtube.com/watch?v=Qx4oASwLUe0
Douglas County Sheriff John Hanlin at news conference following Umpqua Community College shootings,http://registerguard.com/rg/video/33568020-319/douglas-county-sheriff-john-hanlin-at-news-conference-following-umpqua-community-college-shootings.html.csp,Chris Pietsch,2015-10-01 18:48:03,https://www.youtube.com/watch?v=aDfdAqbB3tI
Supermoon eclipse party,http://registerguard.com/rg/video/33555084-319/supermoon-eclipse-party.html.csp,Chris Pietsch,2015-09-28 08:55:02,https://www.youtube.com/watch?v=iALm8njHkxY
United Way’s ‘Day of Caring’,http://registerguard.com/rg/video/33542715-319/united-ways-day-of-caring.html.csp,Kelly Lyon,2015-09-24 18:37:09,https://www.youtube.com/watch?v=K2R6NMo6K90
Doubly historic Mims house,http://registerguard.com/rg/video/33542443-319/doubly-historic-mims-house.html.csp,Brian Davies,2015-09-24 16:49:02,https://www.youtube.com/watch?v=-tjbqJqq2-U
Emergency Preparedness Vendor Fair,http://registerguard.com/rg/video/33539602-319/emergency-preparedness-vendor-fair.html.csp,Kelly Lyon,2015-09-23 20:45:02,https://www.youtube.com/watch?v=f8FviQDLvh0
Goodyear blimp over Eugene,http://registerguard.com/rg/video/33531612-319/goodyear-blimp-over-eugene.html.csp,Chris Pietsch,2015-09-21 17:06:27,https://www.youtube.com/watch?v=cQrYIz9bXPM
Capturing a spring swarm,http://registerguard.com/rg/video/33531627-319/capturing-a-spring-swarm.html.csp,Carl Davaz,2015-09-21 17:06:27,https://www.youtube.com/watch?v=7UlrEn5liqU
Princesses in the making,http://registerguard.com/rg/video/33531597-319/princesses-in-the-making.html.csp,Julia Reihs,2015-09-21 16:58:19,https://www.youtube.com/watch?v=W-w0H6wtZC8
Loving til the end,http://registerguard.com/rg/video/33523525-319/loving-til-the-end.html.csp,Mary Jane Schulte,2015-09-19 11:36:02,https://www.youtube.com/watch?v=Dwfrp4rTwao
All the right moves,http://registerguard.com/rg/video/33523506-319/all-the-right-moves.html.csp,Chris Pietsch,2015-09-19 11:24:02,https://www.youtube.com/watch?v=cIGz1zL2z5E
Bud Pierce announces bid for Oregon governor,http://registerguard.com/rg/video/33514388-319/bud-pierce-announces-bid-for-oregon-governor.html.csp,Chris Pietsch,2015-09-16 15:51:49,https://www.youtube.com/watch?v=rI4Ao5YYTaI
Row River trail underpass,http://registerguard.com/rg/video/33511098-319/row-river-trail-underpass.html.csp,Andy Nelson,2015-09-15 17:51:53,https://www.youtube.com/watch?v=KYFylLg2t38
Southtowne Lanes up in flames,http://registerguard.com/rg/video/33510238-319/southtowne-lanes-up-in-flames.html.csp,Julia Reihs,2015-09-15 13:18:03,https://www.youtube.com/watch?v=FZ5GjI7jSEU
Two dead in plane crash at Creswell Airport,http://registerguard.com/rg/video/33510218-319/two-dead-in-plane-crash-at-creswell-airport.html.csp,Chris Pietsch,2015-09-15 13:12:17,https://www.youtube.com/watch?v=PBxVUU9-xfA
Eugene Skinner finds his place,http://registerguard.com/rg/video/33510182-319/eugene-skinner-finds-his-place.html.csp,Chris Pietsch,2015-09-15 13:04:34,https://www.youtube.com/watch?v=4hwy2V4OJfQ
Grilling Corn,http://registerguard.com/rg/video/33509951-319/grilling-corn.html.csp,Collin Andrew,2015-09-15 11:37:05,https://www.youtube.com/watch?v=ofe8ehoW-tQ
Two-overtime Class 6A football thriller,http://registerguard.com/rg/video/33509858-319/two-overtime-class-6a-football-thriller.html.csp,Collin Andrew,2015-09-15 10:55:58,https://www.youtube.com/watch?v=XqNVFUureIA
Fire at mobile home park in Springfield deemed suspicious,http://registerguard.com/rg/video/33509694-319/fire-at-mobile-home-park-in-springfield-deemed-suspicious.html.csp,Chelsea Gorrow,2015-09-15 09:48:03,https://www.youtube.com/watch?v=44IlqM9jTRU
FOOD for Lane County Youth Farm,http://registerguard.com/rg/video/33390062-319/food-for-lane-county-youth-farm.html.csp,Brian Davies,2015-08-11 11:57:57,https://www.youtube.com/watch?v=RAuVl_yoF0s
