headline,url,author,pubdate
Oregon Football: Fast and loud,http://registerguard.com/rg/video/36577669-319/oregon-football-fast-and-loud.html.csp,Chris Pietsch,2018-03-22 17:32:01
Bike wheels keep on turning,http://registerguard.com/rg/video/36559697-319/bike-wheels-keep-on-turning.html.csp,Kelly Lyon,2018-03-17 09:37:01
Ducks try to impress at Pro Day,http://registerguard.com/rg/video/36554404-319/ducks-try-to-impress-at-pro-day.html.csp,Andy Nelson,2018-03-15 18:30:01
NCAA Basketball and Play-dough,http://registerguard.com/rg/video/36554086-319/ncaa-basketball-and-play-dough.html.csp,Chris Pietsch,2018-03-15 16:55:01
17 minutes of silence,http://registerguard.com/rg/video/36549734-319/17-minutes-of-silence.html.csp,Kelly Lyon,2018-03-14 13:24:02
Duck O-line leads the way,http://registerguard.com/rg/video/36544288-319/duck-o-line-leads-the-way.html.csp,Chris Pietsch,2018-03-12 22:00:02
Oregon football adds new coaches,http://registerguard.com/rg/video/36539120-319/oregon-football-adds-new-coaches.html.csp,Chris Pietsch,2018-03-11 13:34:02
Oregon Spring Football,http://registerguard.com/rg/video/36533463-319/oregon-spring-football.html.csp,Chris Pietsch,2018-03-09 14:33:02
Oregon Spring Football 2018,http://registerguard.com/rg/video/36526082-319/oregon-spring-football-2018.html.csp,Chris Pietsch,2018-03-07 13:26:01
Tell Me a Story,http://registerguard.com/rg/video/36523793-319/tell-me-a-story.html.csp,Kelly Lyon,2018-03-06 19:57:01
UO breaks ground on Knight Campus,http://registerguard.com/rg/video/36508989-319/uo-breaks-ground-on-knight-campus.html.csp,Kelly Lyon,2018-03-02 16:17:01
Eight seconds on a load of TNT,http://registerguard.com/rg/video/36497417-319/eight-seconds-on-a-load-of-tnt.html.csp,Chris Pietsch,2018-02-27 13:47:01
Bubbly mead making a buzz,http://registerguard.com/rg/video/36496721-319/bubbly-mead-making-a-buzz.html.csp,Kelly Lyon,2018-02-27 09:32:01
Aging Entertainers,http://registerguard.com/rg/video/36472247-319/aging-entertainers.html.csp,Kelly Lyon,2018-02-20 20:31:02
A quest for quiet,http://registerguard.com/rg/video/36463589-319/a-quest-for-quiet.html.csp,Kelly Lyon,2018-02-18 08:12:44
Tell me a story,http://registerguard.com/rg/video/36449982-319/tell-me-a-story.html.csp,Kelly Lyon,2018-02-14 20:16:02
Rock Slide Closes Aufderheide Drive,http://registerguard.com/rg/video/36436190-319/rock-slide-closes-aufderheide-drive.html.csp,Rob Romig,2018-02-11 12:13:01
Gearing up,http://registerguard.com/rg/video/36398130-319/gearing-up.html.csp,Kelly Lyon,2018-01-31 15:18:02
Good Walks: Go behind the scenes at Shellburg Falls,http://registerguard.com/rg/video/36381286-319/good-walks-go-behind-the-scenes-at-shellburg-falls.html.csp,Kim Gilbert,2018-01-26 11:26:25
Competitive noses,http://registerguard.com/rg/video/36378356-319/competitive-noses.html.csp,Kelly Lyon,2018-01-25 16:17:01
Culture carvings,http://registerguard.com/rg/video/36365571-319/culture-carvings.html.csp,Kelly Lyon,2018-01-22 08:56:02
Storm on the Oregon coast,http://registerguard.com/rg/video/36358150-319/storm-on-the-oregon-coast.html.csp,Chris Pietsch,2018-01-19 20:25:01
Community conversation,http://registerguard.com/rg/video/36351189-319/community-conversation.html.csp,Kelly Lyon,2018-01-17 22:40:01
A poem to Eugene on MLK Day,http://registerguard.com/rg/video/36343273-319/a-poem-to-eugene-on-mlk-day.html.csp,Chris Pietsch,2018-01-15 16:38:02
Three shot in Springfield,http://registerguard.com/rg/video/36340157-319/three-shot-in-springfield.html.csp,Chris Pietsch,2018-01-14 14:33:01
Printing with passion,http://registerguard.com/rg/video/36316285-319/printing-with-passion.html.csp,Kelly Lyon,2018-01-06 20:49:15
Oregon Horse Rescue,http://registerguard.com/rg/video/36308096-319/oregon-horse-rescue.html.csp,Dylan Darling,2018-01-04 11:07:01
A village is born,http://registerguard.com/rg/video/36291408-319/a-village-is-born.html.csp,Kelly Lyon,2017-12-29 12:30:02
Tell me a story,http://registerguard.com/rg/video/36273694-319/tell-me-a-story.html.csp,Kelly Lyon,2017-12-21 17:09:02
Oregon early Signing Day,http://registerguard.com/rg/video/36270190-319/oregon-early-signing-day.html.csp,Chris Pietsch,2017-12-20 16:40:00
Ducks at the Vegas Bowl,http://registerguard.com/rg/video/36247393-319/ducks-at-the-vegas-bowl.html.csp,Chris Pietsch,2017-12-13 12:43:02
Ai Wei Wei exhibit comes to Jordan Schnitzer Museum of Art,http://registerguard.com/rg/video/36228519-319/ai-wei-wei-exhibit-comes-to-jordan-schnitzer-museum-of-art.html.csp,Kelly Lyon,2017-12-07 09:18:02
Lane County’s rising stars,http://registerguard.com/rg/video/36224672-319/lane-countys-rising-stars.html.csp,Kelly Lyon,2017-12-06 09:54:02
Educating with fire,http://registerguard.com/rg/video/36205594-319/educating-with-fire.html.csp,Kelly Lyon,2017-11-30 17:07:01
Good Walks: Stroll by the seashore,http://registerguard.com/rg/video/36183496-319/good-walks-stroll-by-the-seashore.html.csp,Kim Gilbert,2017-11-24 11:59:10
Tastes of a Venetian evening,http://registerguard.com/rg/video/36181484-319/tastes-of-a-venetian-evening.html.csp,Kelly Lyon,2017-11-23 11:22:00
Heirlooms abound,http://registerguard.com/rg/video/36178286-319/heirlooms-abound.html.csp,Kelly Lyon,2017-11-22 12:48:01
Ochoa's Queseria,http://registerguard.com/rg/video/36174573-319/ochoas-queseria.html.csp,Kelly Lyon,2017-11-21 11:26:01
Oregon QB Herbert is back!,http://registerguard.com/rg/video/36167723-319/oregon-qb-herbert-is-back.html.csp,Chris Pietsch,2017-11-19 12:43:19
Tell me a story,http://registerguard.com/rg/video/36145442-319/tell-me-a-story.html.csp,Kelly Lyon,2017-11-13 10:56:01
A pianist's grand life,http://registerguard.com/rg/video/36123425-319/a-pianists-grand-life.html.csp,Kelly Lyon,2017-11-06 17:32:00
Ghost on the coast,http://registerguard.com/rg/video/36103690-319/ghost-on-the-coast.html.csp,Chris Pietsch,2017-10-31 12:26:00
Oregon's Charles Nelson on his first TD pass,http://registerguard.com/rg/video/36097828-319/oregons-charles-nelson-on-his-first-td-pass.html.csp,Chris Pietsch,2017-10-29 15:14:05
Drone view of new development,http://registerguard.com/rg/video/36094877-319/drone-view-of-new-development.html.csp,Rob Romig,2017-10-29 00:26:02
48th Annual Eugene ski swap,http://registerguard.com/rg/video/36091525-319/48th-annual-eugene-ski-swap.html.csp,Collin Andrew,2017-10-27 13:00:01
Good Walks: Sanctuary at Portland Japanese Garden,http://registerguard.com/rg/video/36091206-319/good-walks-sanctuary-at-portland-japanese-garden.html.csp,Kim Gilbert,2017-10-27 12:35:17
Tell me a story,http://registerguard.com/rg/video/36082684-319/tell-me-a-story.html.csp,Kelly Lyon,2017-10-24 19:12:01
Drone view of large pot farm,http://registerguard.com/rg/video/36070033-319/story.csp,Rob Romig,2017-10-21 21:55:01
"Signed, sealed, delivered",http://registerguard.com/rg/video/36062735-319/signed-sealed-delivered.html.csp,Kelly Lyon,2017-10-19 14:46:19
The Press Box: Oregon vs. UCLA,http://registerguard.com/rg/video/36067096-319/the-press-box-oregon-vs.-ucla.csp,Chris Pietsch,2017-10-19 14:31:00
Cannabis harvest party,http://registerguard.com/rg/video/36062729-319/cannabis-harvest-party.html.csp,Kelly Lyon,2017-10-18 08:46:34
The Oregon defense prepares for Love,http://registerguard.com/rg/video/36047035-319/the-oregon-defense-prepares-for-love.html.csp,Chris Pietsch,2017-10-12 17:17:01
Oregon Men's Basketball preview,http://registerguard.com/rg/sports/basketball/36039915-61/oregon-mens-basketball-preview.html.csp,Chris Pietsch,2017-10-10 12:09:01
Oregon Football: Freeman is back as QBs battle,http://registerguard.com/rg/video/36022928-319/oregon-football-freeman-is-back-as-qbs-battle.html.csp,Chris Pietsch,2017-10-04 13:41:01
Press Box Q&A: What’s up with the Pac-12 after dark?,http://registerguard.com/rg/video/36020314-319/press-box-qa-whats-up-with-the-pac-12-after-dark.html.csp,Chris Pietsch,2017-10-03 14:41:01
Good Walks: Hues and views on Dimple Hill,http://registerguard.com/rg/video/36007157-319/good-walks-hues-and-views-on-dimple-hill.html.csp,Kim Gilbert,2017-09-29 11:07:07
No excuses from Oregon O-line,http://registerguard.com/rg/video/36000347-319/no-excuses-from-oregon-o-line.html.csp,Chris Pietsch,2017-09-27 11:23:01
Press Box Q&A: Bigger seats and more parking?,http://registerguard.com/rg/video/35993349-319/press-box-qa-bigger-seats-and-more-parking.html.csp,Chris Pietsch,2017-09-25 10:35:01
Press Box Q&A: Nike and the budget?,http://registerguard.com/rg/video/35980832-319/press-box-qa-nike-and-the-budget.html.csp,Chris Pietsch,2017-09-21 10:01:01
The Press Box: Oregon's Pac-12 season begins,http://registerguard.com/rg/video/35978025-319/the-press-box-oregons-pac-12-season-begins.html.csp,Chris Pietsch,2017-09-20 12:36:02
Press Box Q&A: What keeps Rob Mullens up at night?,http://registerguard.com/rg/video/35973110-319/press-box-qa-what-keeps-rob-mullens-up-at-night.html.csp,Chris Pietsch,2017-09-18 21:10:01
Press Box: Post-game analysis of Oregon at Wyoming,http://registerguard.com/rg/video/35971294-319/press-box-post-game-analysis-of-oregon-at-wyoming.html.csp,Brian Davies,2017-09-18 09:36:01
Tell me a story,http://registerguard.com/rg/video/35970396-319/tell-me-a-story.html.csp,Kelly Lyon,2017-09-17 21:50:02
Emx goes west,http://registerguard.com/rg/video/35968175-319/emx-goes-west.html.csp,Kelly Lyon,2017-09-17 08:21:21
Oregon set to meet Wyoming,http://registerguard.com/rg/video/35960545-319/oregon-set-to-meet-wyoming.html.csp,August Frank,2017-09-14 18:40:02
The Long Road Home,http://registerguard.com/rg/video/35955623-319/the-long-road-home.html.csp,August Frank,2017-09-13 09:52:01
Officer shooting update,http://registerguard.com/rg/video/35954078-319/officer-shooting-update.html.csp,Chris Pietsch,2017-09-12 19:57:01
McKenzie residents on alert,http://registerguard.com/rg/video/35937916-319/mckenzie-residents-on-alert.html.csp,Kelly Lyon,2017-09-07 17:19:02
Saving Multnomah Falls,http://registerguard.com/rg/video/35934696-319/saving-multnomah-falls.html.csp,Chris Pietsch,2017-09-06 19:06:02
Dealing with wildfire smoke,http://registerguard.com/rg/video/35933018-319/dealing-with-wildfire-smoke.html.csp,Chris Pietsch,2017-09-06 10:39:01
Press conference from the Eagle Creek Fire,http://registerguard.com/rg/video/35931690-319/press-conference-from-the-eagle-creek-fire.html.csp,Chris Pietsch,2017-09-05 23:29:01
"Oregon Football: ""Swag Surfing""",http://registerguard.com/rg/video/35926933-319/oregon-football-swag-surfing.html.csp,Chris Pietsch,2017-09-04 14:21:01
Olden times at Fort Umpqua,http://registerguard.com/rg/video/35916661-319/olden-times-at-fort-umpqua.html.csp,Kelly Lyon The Register-Guard,2017-09-01 11:30:41
Oregon Football: Game week,http://registerguard.com/rg/video/35913704-319/oregon-football-game-week.html.csp,Chris Pietsch,2017-08-31 15:03:02
Bringing braggot into a new era,http://registerguard.com/rg/video/35902299-319/bringing-braggot-into-a-new-era.html.csp,Kelly Lyon,2017-08-28 10:47:31
"Good Walks: Sand, tree, lake and sea",http://registerguard.com/rg/video/35894514-319/good-walks-sand-tree-lake-and-sea.html.csp,Kim Gilbert,2017-08-25 15:33:00
"Lion & Owl, a moving new brunch experience",http://registerguard.com/rg/video/35887342-319/lion--owl-a-moving-new-brunch-experience.html.csp,Kelly Lyon,2017-08-23 09:22:04
Out of this world experience,http://registerguard.com/rg/video/35882044-319/out-of-this-world-experience.html.csp,Kelly Lyon,2017-08-21 14:16:01
Capturing the eclipse by balloon,http://registerguard.com/rg/video/35879148-319/capturing-the-eclipse-by-balloon.html.csp,Kelly Lyon,2017-08-20 14:15:01
Total eclipse experience,http://registerguard.com/rg/video/35877131-319/total-eclipse-experience.html.csp,Kelly Lyon,2017-08-19 17:15:01
The Press Box: Oregon football preview,http://registerguard.com/rg/video/35864316-319/press-box-oregon-football-preview.html.csp,Chris Pietsch and August Frank,2017-08-15 20:47:31
Press Box: Oregon football preview,http://registerguard.com/rg/video/35864316-319/press-box-oregon-football-preview.html.csp,Chris Pietsch and August Frank,2017-08-15 13:31:01
Coburg Car Classic,http://registerguard.com/rg/video/35853009-319/coburg-car-classic.html.csp,August Frank,2017-08-11 13:38:01
Tennis everyone?,http://registerguard.com/rg/video/35845668-319/tennis-everyone.html.csp,Kelly Lyon,2017-08-09 07:41:23
Heat Wave: How hot does a car really get?,http://registerguard.com/rg/video/35828828-319/heat-wave-how-hot-does-a-car-really-get.html.csp,Julia Reihs and Rob Romig,2017-08-03 13:32:01
Smokin’ Hot,http://registerguard.com/rg/video/35828174-319/smokin-hot.html.csp,Kelly Lyon,2017-08-03 09:22:01
Letting a river run free,http://registerguard.com/rg/video/35793282-319/letting-a-river-run-free.html.csp,Kelly Lyon,2017-07-23 08:24:21
Big Fun on Day One!,http://registerguard.com/rg/video/35786067-319/big-fun-on-day-one.html.csp,August Frank,2017-07-20 16:31:00
Buzz Catchers,http://registerguard.com/rg/video/35784282-319/buzz-catchers.html.csp,Kelly Lyon,2017-07-20 07:28:24
DanceAbility: Redefining art,http://registerguard.com/rg/video/35766952-319/danceability-redefining-art.html.csp,August Frank,2017-07-14 10:12:01
Forrest’s formula,http://registerguard.com/rg/video/35766635-319/forrests-formula.html.csp,Kelly Lyon,2017-07-14 08:03:02
Topical therapies,http://registerguard.com/rg/video/35761300-319/topical-therapies.html.csp,Kelly Lyon,2017-07-12 11:54:02
Where the past is present,http://registerguard.com/rg/video/35752341-319/where-the-past-is-present.html.csp,Kelly Lyon,2017-07-09 09:41:01
2017 Oregon Country Fair,http://registerguard.com/rg/video/35750249-319/2017-oregon-country-fair.html.csp,August Frank,2017-07-08 13:27:16
Purple fields of majesty,http://registerguard.com/rg/video/35746773-319/purple-fields-of-majesty.html.csp,Kelly Lyon,2017-07-07 09:18:16
Public Performance,http://registerguard.com/rg/video/35743082-319/public-performance.html.csp,Kelly Lyon,2017-07-06 07:37:21
Eugene Yacht Club sailing school,http://registerguard.com/rg/video/35724338-319/eugene-yacht-club-sailing-school.html.csp,August Frank,2017-06-29 17:31:01
Creative chains,http://registerguard.com/rg/video/35681810-319/creative-chains.html.csp,Kelly Lyon,2017-06-15 22:40:00
Duck rescue,http://registerguard.com/rg/video/35672577-319/duck-rescue.html.csp,Doug Mozan,2017-06-13 11:05:01
Splash of colors,http://registerguard.com/rg/video/35662938-319/splash-of-colors.html.csp,Kelly Lyon,2017-06-09 22:36:01
A taste of Salt & Sweet Wine Bar,http://registerguard.com/rg/video/35638725-319/a-taste-of-salt--sweet-wine-bar.html.csp,Kelly Lyon,2017-06-02 11:43:02
Golden moment with Ashton Eaton,http://registerguard.com/rg/video/35631902-319/golden-moment-with-ashton-eaton.html.csp,Chris Pietsch,2017-05-31 10:53:01
Smith River and redwoods splendors,http://registerguard.com/rg/video/35629010-319/smith-river-and-redwoods-splendors.html.csp,Kelly Lyon,2017-05-30 14:12:23
Pre Classic: Devon Allen in loaded hurdle race,http://registerguard.com/rg/video/35618067-319/pre-classic-devon-allen-in-loaded-hurdle-race.html.csp,Chris Pietsch,2017-05-26 15:02:01
A visit to Bluebird Hill Cellars,http://registerguard.com/rg/video/35617689-319/a-visit-to-bluebird-hill-cellars.html.csp,Kelly Lyon,2017-05-26 13:16:10
"Good Walks: Pinard, Moon and Spirit falls",http://registerguard.com/rg/video/35617272-319/good-walks-pinard-moon-and-spirit-falls.html.csp,Kim Gilbert,2017-05-26 10:26:30
Drift Creek Falls Trail leads to eye-opening bridge,http://registerguard.com/rg/video/35615249-319/drift-creek-falls-trail-leads-to-eye-opening-bridge.html.csp,Collin Andrew,2017-05-25 16:19:58
Veterans Honored,http://registerguard.com/rg/video/35612664-319/veterans-honored.html.csp,Kelly Lyon,2017-05-24 20:56:01
Caffeine by the fire,http://registerguard.com/rg/video/35611606-319/caffeine-by-the-fire.html.csp,Kelly Lyon,2017-05-24 15:54:01
Magically adrift,http://registerguard.com/rg/video/35606463-319/magically-adrift.html.csp,Kelly Lyon,2017-05-23 08:50:01
Marvels of Marble at Oregon Caves,http://registerguard.com/rg/video/35604419-319/marvels-of-marble-at-oregon-caves.html.csp,Kelly Lyon,2017-05-22 16:06:01
The three jewels of Cape Arago highway,http://registerguard.com/rg/video/35593109-319/the-three-jewels-of-cape-arago-highway.html.csp,Kelly Lyon,2017-05-18 20:51:01
Carried away on a zipline,http://registerguard.com/rg/video/35588163-319/carried-away-on-a-zipline.html.csp,Collin Andrew,2017-05-17 10:15:52
The Columbia Gorge is awash in splendid waterfall hikes,http://registerguard.com/rg/video/35584984-319/the-columbia-gorge-is-awash-in-splendid-waterfall-hikes.html.csp,Kelly Lyon,2017-05-16 11:54:33
"Scratch that, just a myth",http://registerguard.com/rg/video/35570014-319/scratch-that-just-a-myth.html.csp,Collin Andrew,2017-05-11 09:22:16
Fencing gets a new home,http://registerguard.com/rg/video/35550600-319/fencing-gets-a-new-home.html.csp,Kelly Lyon,2017-05-04 20:14:01
Good Walks: Forest full circle,http://registerguard.com/rg/video/35529363-319/good-walks-forest-full-circle.html.csp,Kim Gilbert,2017-04-28 11:30:43
Volunteer of the year,http://registerguard.com/rg/video/35526616-319/volunteer-of-the-year.html.csp,Kelly Lyon,2017-04-27 15:23:09
Oregon spring football update,http://registerguard.com/rg/video/35519467-319/oregon-spring-football-update.html.csp,Chris Pietsch,2017-04-25 14:47:01
The 1-2-3’s of CBD in cannabis,http://registerguard.com/rg/video/35515516-319/the-1-2-3s-of-cbd-in-cannabis.html.csp,Kelly Lyon,2017-04-24 11:42:02
Rock and Row,http://registerguard.com/rg/video/35509542-319/rock-and-row.html.csp,Kelly Lyon,2017-04-22 08:42:01
The buzz on cannabis-infused honey,http://registerguard.com/rg/video/35502643-319/the-buzz-on-cannabis-infused-honey.html.csp,Kelly Lyon,2017-04-20 07:42:20
Boho Eugene bungalow,http://registerguard.com/rg/video/35499461-319/boho-eugene-bungalow.html.csp,Kelly Lyon,2017-04-19 11:21:08
"Pepsi, depth charts and the Oregon defense",http://registerguard.com/rg/video/35489926-319/pepsi-depth-charts-and-the-oregon-defense.html.csp,Chris Pietsch,2017-04-16 09:53:01
Pilot describes Highway 99 landing,http://registerguard.com/rg/video/35485642-319/pilot-describes-highway-99-landing.html.csp,Chris Pietsch,2017-04-14 17:42:01
The return of Royce Freeman,http://registerguard.com/rg/video/35473959-319/the-return-of-royce-freeman.html.csp,Chris Pietsch,2017-04-11 11:37:01
"Oregon fans treated to rain, sleet and Ducks",http://registerguard.com/rg/video/35466952-319/oregon-fans-treated-to-rain-sleet-and-ducks.html.csp,Chris Pietsch,2017-04-09 08:52:24
Learn to catch a trout with a fly rod,http://registerguard.com/rg/video/35457452-319/learn-to-catch-a-trout-with-a-fly-rod.html.csp,Kelly Fenley,2017-04-07 16:18:00
Plane crash north of Harrisburg,http://registerguard.com/rg/video/35460939-319/plane-crash-north-of-harrisburg.html.csp,Kelly Lyon,2017-04-07 14:36:00
Oregon’s Coach Leavitt is raring to go,http://registerguard.com/rg/video/35460505-319/oregons-coach-leavitt-is-raring-to-go.html.csp,Chris Pietsch,2017-04-07 12:18:01
One for the books,http://registerguard.com/rg/video/35459904-319/one-for-the-books.html.csp,Kelly Lyon,2017-04-07 07:57:22
Oregon spring football begins,http://registerguard.com/rg/video/35452953-319/oregon-spring-football-begins.html.csp,Chris Pietsch,2017-04-05 13:24:01
Terrifying Beauty,http://registerguard.com/rg/video/35432149-319/terrifying-beauty.html.csp,Kelly Lyon,2017-03-30 07:22:22
"New blooms, old treasures",http://registerguard.com/rg/video/35411182-319/new-blooms-old-treasures.html.csp,Kim Gilbert,2017-03-24 13:36:09
Oregon takes experience into Sweet 16 matchup,http://registerguard.com/rg/video/35410025-319/oregon-takes-experience-into-sweet-16-matchup.html.csp,Andy Nelson,2017-03-23 09:35:00
The Press Box: Oregon faces a tough Michigan team,http://registerguard.com/rg/video/35410023-319/the-press-box-oregon-faces-a-tough-michigan-team.html.csp,Andy Nelson,2017-03-23 09:33:01
March Madness for Oregon Women,http://registerguard.com/rg/video/35378278-319/march-madness-for-oregon-women.html.csp,Chris Pietsch,2017-03-14 10:59:01
A Picasso of a dog,http://registerguard.com/rg/video/35364286-319/a-picasso-of-a-dog.html.csp,Chris Pietsch,2017-03-10 07:34:23
"Tasty, hearty ‘kalettes’ and fresh new strawberries",http://registerguard.com/rg/video/35360653-319/tasty-hearty-kalettes-and-fresh-new-strawberries.html.csp,Collin Andrew,2017-03-09 10:48:10
Spartans make it to state quarterfinals,http://registerguard.com/rg/video/35359447-319/spartans-make-it-to-state-quarterfinals.html.csp,Kelly Lyon,2017-03-08 22:18:02
One-of-a-kind furniture puzzles,http://registerguard.com/rg/video/35356670-319/one-of-a-kind-furniture-puzzles.html.csp,Kelly Lyon,2017-03-08 10:15:22
A Hamlin tour,http://registerguard.com/rg/video/35335007-319/a-hamlin-tour.html.csp,Kelly Lyon,2017-03-02 07:31:25
One smart cookie,http://registerguard.com/rg/video/35316970-319/one-smart-cookie.html.csp,Kelly Lyon,2017-02-25 07:53:22
New flavors at Novo,http://registerguard.com/rg/video/35308011-319/new-flavors-at-novo.html.csp,Kelly Lyon,2017-02-22 15:49:39
Dainty gardens in jars,http://registerguard.com/rg/video/35288913-319/dainty-gardens-in-jars.html.csp,Collin Andrew,2017-02-16 09:03:05
Be the change,http://registerguard.com/rg/video/35287755-319/be-the-change.html.csp,Kelly Lyon,2017-02-15 21:44:00
Retro-style downsize,http://registerguard.com/rg/video/35282520-319/retro-style-downsize.html.csp,Kelly Lyon,2017-02-14 15:33:53
Past meets present at Deepwood estate,http://registerguard.com/rg/video/35265533-319/past-meets-present-at-deepwood-estate.html.csp,Collin Andrew,2017-02-10 13:55:40
Abandoned puppy rescued,http://registerguard.com/rg/video/35269390-319/abandoned-puppy-rescued.html.csp,Chris Pietsch,2017-02-10 12:37:01
A drone tour of south Willamette Street,http://registerguard.com/rg/video/35266330-319/a-drone-tour-of-south-willamette-street.html.csp,Rob Romig,2017-02-09 15:56:01
Hoping for help,http://registerguard.com/rg/video/35259069-319/hoping-for-help.html.csp,Kelly Lyon,2017-02-07 17:09:01
Shot fired during Super Bowl,http://registerguard.com/rg/video/35253585-319/shot-fired-during-super-bowl.html.csp,Chris Pietsch,2017-02-05 21:30:00
On a snowshoe trek,http://registerguard.com/rg/video/35237918-319/on-a-snowshoe-trek.html.csp,Kelly Fenley,2017-02-03 09:57:23
A taste of Lola’s Fruit Shrubs,http://registerguard.com/rg/video/35242723-319/a-taste-of-lolas-fruit-shrubs.html.csp,Kelly Lyon,2017-02-02 15:37:01
World Hijab Day,http://registerguard.com/rg/video/35239575-319/world-hijab-day.html.csp,Kelly Lyon,2017-02-01 19:07:01
Signing day: The #DoSomething brand,http://registerguard.com/rg/video/35239042-319/signing-day-the-dosomething-brand.html.csp,Chris Pietsch,2017-02-01 16:55:01
Signing Day: Negatives and positives,http://registerguard.com/rg/video/35238032-319/signing-day-negatives-and-positives.html.csp,Chris Pietsch,2017-02-01 12:22:01
Good Walks: Winter wander along Willamette River,http://registerguard.com/rg/video/35221999-319/good-walks-winter-wander-along-willamette-river.html.csp,Kim Gilbert,2017-01-27 12:01:32
Cultivating a culinary treasure,http://registerguard.com/rg/video/35198928-319/cultivating-a-culinary-treasure.html.csp,Kelly Lyon,2017-01-20 17:06:35
Patience through woodcrafting,http://registerguard.com/rg/video/35195503-319/patience-through-woodcrafting.html.csp,Kelly Lyon,2017-01-19 17:49:01
Cascading river getaway,http://registerguard.com/rg/video/35183871-319/cascading-river-getaway.html.csp,Kelly Lyon,2017-01-16 09:31:02
Damaged tree triage,http://registerguard.com/rg/video/35172666-319/damaged-tree-triage.html.csp,Kelly Lyon,2017-01-12 15:21:19
United in pink,http://registerguard.com/rg/video/35166240-319/united-in-pink.html.csp,Kelly Lyon,2017-01-10 18:45:01
Call a spade a flower,http://registerguard.com/rg/video/35164750-319/call-a-spade-a-flower.html.csp,Kelly Lyon,2017-01-10 09:57:10
Treacherous driving conditions,http://registerguard.com/rg/video/35156018-319/treacherous-driving-conditions.html.csp,Chris Pietsch,2017-01-07 13:27:01
So what if it’s winter! Work it out,http://registerguard.com/rg/video/35152938-319/so-what-if-its-winter-work-it-out.html.csp,Kelly Lyon,2017-01-06 09:51:41
First snowstorm of 2017,http://registerguard.com/rg/video/35146140-319/first-snowstorm-of-2017.html.csp,Chris Pietsch,2017-01-04 10:45:01
Counting for a cause,http://registerguard.com/rg/video/35139508-319/counting-for-a-cause.html.csp,Kelly Lyon,2017-01-01 19:08:01
Springfield’s Flame,http://registerguard.com/rg/video/35129683-319/springfields-flame.html.csp,Kelly Lyon,2016-12-29 08:51:08
Good Walks: Glad ocean tidings in Newport,http://registerguard.com/rg/video/35117627-319/good-walks-glad-ocean-tidings-in-newport.html.csp,Kim Gilbert,2016-12-23 10:41:20
Pushing for Power,http://registerguard.com/rg/video/35112508-319/pushing-for-power.html.csp,Kelly Lyon,2016-12-21 18:48:01
Drone video: Storm’s icy grip,http://registerguard.com/rg/video/35098240-319/drone-video-storms-icy-grip.html.csp,Rob Romig,2016-12-16 22:02:02
Ice storm cuts off Hawkins Heights,http://registerguard.com/rg/video/35093619-319/ice-storm-cuts-off-hawkins-heights.html.csp,Chris Pietsch,2016-12-15 13:43:01
Ice storm: Car found in pond,http://registerguard.com/rg/video/35093247-319/ice-storm-car-found-in-pond.html.csp,Collin Andrew,2016-12-15 11:51:01
Readers get a holiday treat,http://registerguard.com/rg/video/35091410-319/readers-get-a-holiday-treat.html.csp,Kelly Lyon,2016-12-14 20:03:01
"Life, football and bringin' the “juice!”",http://registerguard.com/rg/video/35074759-319/life-football-and-bringin-the-juice.html.csp,Chris Pietsch,2016-12-09 15:59:01
Monster project house,http://registerguard.com/rg/video/35071471-319/monster-project-house.html.csp,,2016-12-08 15:56:05
20 Under 40 Awards presentation,http://registerguard.com/rg/video/35067468-319/20-under-40-awards-presentation.html.csp,Kelly Lyon,2016-12-07 14:21:01
Act of Humanity,http://registerguard.com/rg/video/35059252-319/act-of-humanity.html.csp,Kelly Lyon,2016-12-05 07:23:33
Crunchy munchies,http://registerguard.com/rg/video/35056218-319/crunchy-munchies.html.csp,Kelly Lyon,2016-12-04 09:41:02
"""Poor trajectory"" and sad goodbyes",http://registerguard.com/rg/video/35042879-319/poor-trajectory-and-sad-goodbyes.html.csp,Chris Pietsch,2016-11-30 13:24:01
AD Rob Mullens fires Helfrich,http://registerguard.com/rg/video/35041116-319/ad-rob-mullens-fires-helfrich.html.csp,Chris Pietsch,2016-11-29 21:20:02
Vida Cafe reopens,http://registerguard.com/rg/video/35032503-319/vida-cafe-reopens.html.csp,Kelly Lyon,2016-11-27 08:56:01
Civil War Press Box,http://registerguard.com/rg/video/35031490-319/civil-war-press-box.html.csp,Chris Pietsch,2016-11-26 20:02:01
Whiteaker steps up for dinner,http://registerguard.com/rg/video/35022106-319/whiteaker-steps-up-for-dinner.html.csp,Kelly Lyon,2016-11-23 18:13:01
Spice it up with herbs,http://registerguard.com/rg/video/35020361-319/spice-it-up-with-herbs.html.csp,Kelly Lyon,2016-11-23 08:17:22
Man with gun draws police to northeast Eugene home,http://registerguard.com/rg/video/35017983-319/man-with-gun-draws-police-to-northeast-eugene-home.html.csp,Chris Pietsch,2016-11-22 15:36:01
Post-game Press Box recap of Oregon’s big win over Utah,http://registerguard.com/rg/video/35008448-319/post-game-press-box-recap-of-oregons-big-win-over-utah.html.csp,Andy Nelson,2016-11-19 18:26:02
PressBox previews Oregon vs. Utah,http://registerguard.com/rg/video/35000969-319/pressbox-previews-oregon-vs.-utah.csp,Andy Nelson,2016-11-17 17:33:01
Oregon's Devon Allen turns pro,http://registerguard.com/rg/video/34999725-319/oregons-devon-allen-turns-pro.html.csp,Chris Pietsch,2016-11-17 10:54:02
Game highlights: Stanford beats Oregon,http://registerguard.com/rg/video/34984005-319/game-highlights-stanford-beats-oregon.html.csp,Chris Pietsch,2016-11-12 20:25:01
Press Box: Stanford hangs losing season on Oregon,http://registerguard.com/rg/video/34983096-319/press-box-stanford-hangs-losing-season-on-oregon.html.csp,Chris Pietsch,2016-11-12 17:55:01
Double-crop raspberries,http://registerguard.com/rg/video/34978553-319/double-crop-raspberries.html.csp,,2016-11-11 14:43:51
Dare to escape,http://registerguard.com/rg/video/34977774-319/dare-to-escape.html.csp,Kelly Lyon,2016-11-11 10:02:21
Anti-Trump rally in Eugene,http://registerguard.com/rg/video/34970267-319/anti-trump-rally-in-eugene.html.csp,Chris Pietsch,2016-11-09 01:46:02
Pantsuit Nation shows support for Clinton in Eugene on election day,http://registerguard.com/rg/video/34968680-319/pantsuit-nation-shows-support-for-clinton-in-eugene-on-election-day.html.csp,Kelly Lyon,2016-11-08 17:43:01
Ballot buddies,http://registerguard.com/rg/video/34968264-319/ballot-buddies.html.csp,Kelly Lyon,2016-11-08 14:36:00
Beer by the (Plato) numbers,http://registerguard.com/rg/video/34965891-319/beer-by-the-plato-numbers.html.csp,Kelly Lyon,2016-11-07 15:42:56
Fire at Pacific States Plywood,http://registerguard.com/rg/video/34954712-319/fire-at-pacific-states-plywood.html.csp,Chris Pietsch,2016-11-03 22:16:01
An Iron Welcome,http://registerguard.com/rg/video/34950438-319/an-iron-welcome.html.csp,Kelly Lyon,2016-11-02 18:40:05
Mediterranean Network,http://registerguard.com/rg/video/34945851-319/mediterranean-network.html.csp,Kelly Lyon,2016-11-01 12:39:01
Herbert on the win over ASU,http://registerguard.com/rg/video/34939161-319/herbert-on-the-win-over-asu.html.csp,Chris Pietsch,2016-10-29 22:13:21
PressBox: Oregon gets a much needed win,http://registerguard.com/rg/video/34938743-319/pressbox-oregon-gets-a-much-needed-win.html.csp,Chris Pietsch,2016-10-29 20:12:01
Ah Sam puts on a show in last football game,http://registerguard.com/rg/video/34936562-319/ah-sam-puts-on-a-show-in-last-football-game.html.csp,Collin Andrew,2016-10-29 08:07:01
Eugene Ski Swap,http://registerguard.com/rg/video/34934275-319/eugene-ski-swap.html.csp,Collin Andrew,2016-10-28 11:44:01
Glass-O-Lanterns,http://registerguard.com/rg/video/34928822-319/glass-o-lanterns.html.csp,Kelly Lyon,2016-10-26 18:28:01
Oregon embraces Pac-12 poll lead,http://registerguard.com/rg/video/34918742-319/oregon-embraces-pac-12-poll-lead.html.csp,Chris Pietsch,2016-10-23 13:18:47
OSU's Wayne and Tres Tinkle cheer the Cubs in championship series,http://registerguard.com/rg/video/34916210-319/osus-wayne-and-tres-tinkle-cheer-the-cubs-in-championship-series.html.csp,Chris Pietsch,2016-10-22 15:14:01
"An unbearable finish for Herbert, Ducks",http://registerguard.com/rg/video/34915543-319/an-unbearable-finish-for-herbert-ducks.html.csp,Chris Pietsch,2016-10-22 10:25:01
Oregon embraces Pac-12 poll lead,http://registerguard.com/rg/video/34918742-319/oregon-embraces-pac-12-poll-lead.html.csp,Chris Pietsch,2016-10-22 10:21:01
Good Walks: See a side of fall at Sweet Creek Falls,http://registerguard.com/rg/video/34913111-319/good-walks-see-a-side-of-fall-at-sweet-creek-falls.html.csp,Kim Gilbert,2016-10-21 11:18:34
Petals of kindness,http://registerguard.com/rg/video/34907734-319/petals-of-kindness.html.csp,Kelly Lyon,2016-10-19 16:17:01
Press Box: Oregon needs a win in California,http://registerguard.com/rg/video/34904615-319/press-box-oregon-needs-a-win-in-california.html.csp,Chris Pietsch,2016-10-18 17:09:01
The second-ranked Irish swamped depleted Wolverines,http://registerguard.com/rg/video/34895031-319/the-second-ranked-irish-swamped-depleted-wolverines.html.csp,Collin Andrew,2016-10-15 08:30:01
Someone to crow about,http://registerguard.com/rg/video/34892538-319/someone-to-crow-about.html.csp,Kelly Lyon,2016-10-14 11:02:10
A lifetime of costumery,http://registerguard.com/rg/video/34888319-319/a-lifetime-of-costumery.html.csp,Kelly Lyon,2016-10-12 22:06:01
Conquering concussion,http://registerguard.com/rg/video/34884716-319/conquering-concussion.html.csp,Chris Pietsch and Collin Andrew,2016-10-11 15:49:01
"Oregon's Justin Herbert starts, Ducks lose",http://registerguard.com/rg/video/34879425-319/oregons-justin-herbert-starts-ducks-lose.html.csp,Chris Pietsch,2016-10-09 19:04:02
"Brady Hoke on the loss: ""It hurts!""",http://registerguard.com/rg/video/34878277-319/brady-hoke-on-the-loss-it-hurts.html.csp,Chris Pietsch,2016-10-09 11:01:30
The Press Box: The streak is over,http://registerguard.com/rg/sports/football/34877475-69/the-press-box-the-streak-is-over.html.csp,Chris Pietsch,2016-10-08 21:20:00
"Time for work, fun in garden",http://registerguard.com/rg/video/34874011-319/time-for-work-fun-in-garden.html.csp,,2016-10-07 15:32:30
Celebrate with henna,http://registerguard.com/rg/video/34872964-319/celebrate-with-henna.html.csp,Kelly Lyon,2016-10-07 10:21:43
Oregon’s Dana Altman downplays preseason rankings,http://registerguard.com/rg/video/34871378-319/oregons-dana-altman-downplays-preseason-rankings.html.csp,Andy Nelson,2016-10-06 18:20:01
"New twist for golden, homemade cider",http://registerguard.com/rg/video/34870049-319/new-twist-for-golden-homemade-cider.html.csp,,2016-10-06 10:53:28
Creative Carvings,http://registerguard.com/rg/video/34870048-319/creative-carvings.html.csp,Kelly Lyon,2016-10-06 10:44:01
UO gets a new EMU,http://registerguard.com/rg/video/34868106-319/uo-gets-a-new-emu.html.csp,Kelly Lyon,2016-10-05 16:29:02
Putting the wild in Wildcraft Cider Works,http://registerguard.com/rg/video/34864584-319/putting-the-wild-in-wildcraft-cider-works.html.csp,Kelly Lyon,2016-10-04 14:56:01
Broga for everyone,http://registerguard.com/rg/video/34860506-319/broga-for-everyone.html.csp,Kelly Lyon,2016-10-03 08:49:02
LaVelle’s crush,http://registerguard.com/rg/video/34854055-319/lavelles-crush.html.csp,Kelly Lyon,2016-10-01 07:32:32
Tikal Latin Flavor,http://registerguard.com/rg/video/34841331-319/tikal-latin-flavor.html.csp,Kylie Juggert,2016-09-27 16:34:01
Sheldon dominates North Medford 35-0 in a battle of Southwest Conference unbeatens,http://registerguard.com/rg/video/34837594-319/sheldon-dominates-north-medford-35-0-in-a-battle-of-southwest-conference-unbeatens.html.csp,Collin Andrew,2016-09-26 14:14:35
Colorado interception stuns Oregon,http://registerguard.com/rg/video/34834062-319/colorado-interception-stuns-oregon.html.csp,Chris Pietsch,2016-09-25 13:19:58
Press Box: Buffs upset Ducks,http://registerguard.com/rg/video/34832180-319/press-box-buffs-upset-ducks.html.csp,Ryan Thorburn and Steve Mims,2016-09-24 19:46:01
Good Walks: To the top of Tidbits Mountain,http://registerguard.com/rg/video/34827127-319/good-walks-to-the-top-of-tidbits-mountain.html.csp,Kim Gilbert,2016-09-23 10:00:37
‘Waterfall’ bathroom theme,http://registerguard.com/rg/video/34827023-319/waterfall-bathroom-theme.html.csp,,2016-09-23 09:21:45
Oregon vs. Nebraska: Going for two,http://registerguard.com/rg/video/34813733-319/oregon-vs.-nebraska-going-for-two.csp,Chris Pietsch,2016-09-19 09:11:02
The Press Box: Nebraska over Oregon,http://registerguard.com/rg/video/34809619-319/the-press-box-nebraska-over-oregon.html.csp,Ryan Thorburn and Steve Mims,2016-09-17 21:14:06
Fourth and the Game!,http://registerguard.com/rg/video/34808589-319/fourth-and-the-game.html.csp,Chris Pietsch,2016-09-17 18:10:01
Colts outlast Highlanders for 48-42 two-overtime win,http://registerguard.com/rg/video/34806990-319/colts-outlast-highlanders-for-48-42-two-overtime-win.html.csp,Collin Andrew,2016-09-17 10:47:08
Savanna restoration begins,http://registerguard.com/rg/video/34801747-319/savanna-restoration-begins.html.csp,Kelly Lyon,2016-09-15 16:36:01
The Ice Cream Man,http://registerguard.com/rg/video/34798416-319/the-ice-cream-man.html.csp,Kylie Juggert,2016-09-14 16:50:00
Devon Allen’s first TD after Olympics,http://registerguard.com/rg/video/34793880-319/devon-allens-first-td-after-olympics.html.csp,Andy Nelson,2016-09-13 11:21:01
Beautify plain old concrete,http://registerguard.com/rg/video/34790337-319/beautify-plain-old-concrete.html.csp,,2016-09-12 10:24:52
Royce Freeman runs 85-yards for the touchdown,http://registerguard.com/rg/video/34787291-319/royce-freeman-runs-85-yards-for-the-touchdown.html.csp,Andy Nelson,2016-09-11 11:50:00
Chief Kerns responds to shooting,http://registerguard.com/rg/video/34783745-319/chief-kerns-responds-to-shooting.html.csp,Chris Pietsch,2016-09-10 12:54:01
"Sheldon 54, Sunset 44",http://registerguard.com/rg/video/34783571-319/sheldon-54-sunset-44.html.csp,Collin Andrew,2016-09-10 11:25:53
Camas Country Schoolhouse Bakery and Store,http://registerguard.com/rg/video/34781466-319/camas-country-schoolhouse-bakery-and-store.html.csp,Collin Andrew,2016-09-09 16:12:39
The Press Box: Hoos your daddy?,http://registerguard.com/rg/video/34779359-319/the-press-box-hoos-your-daddy.html.csp,Ryan Thorburn,2016-09-08 21:37:18
Brand new school welcomes students,http://registerguard.com/rg/video/34778224-319/brand-new-school-welcomes-students.html.csp,Kelly Lyon,2016-09-08 15:10:01
Late winter or bust for fresh tomatoes,http://registerguard.com/rg/video/34777377-319/late-winter-or-bust-for-fresh-tomatoes.html.csp,Collin Andrew,2016-09-08 10:28:19
Harboring a view of the bay,http://registerguard.com/rg/video/34777287-319/harboring-a-view-of-the-bay.html.csp,Kelly Lyon,2016-09-08 10:09:45
Sebastian's Story,http://registerguard.com/rg/video/34775415-319/sebastians-story.html.csp,Kylie Juggert,2016-09-07 18:29:01
Oregon debuts the 4-3 D,http://registerguard.com/rg/video/34766702-319/oregon-debuts-the-4-3-d.html.csp,Chris Pietsch,2016-09-04 22:36:00
Century Farm: The legacy of 150 years,http://registerguard.com/rg/video/34764508-319/century-farm-the-legacy-of-150-years.html.csp,Kylie Juggert,2016-09-04 08:35:31
Prukop on the win,http://registerguard.com/rg/video/34764027-319/prukop-on-the-win.html.csp,Chris Pietsch,2016-09-03 22:21:01
The Press Box: Oregon vs. UC Davis,http://registerguard.com/rg/video/34763299-319/the-press-box-oregon-vs.-uc-davis.csp,Chris Pietsch,2016-09-03 19:56:01
South Eugene falls to Madison in season opener,http://registerguard.com/rg/video/34760587-319/south-eugene-falls-to-madison-in-season-opener.html.csp,Andy Nelson,2016-09-03 00:17:01
Best seats in the house,http://registerguard.com/rg/video/34757796-319/best-seats-in-the-house.html.csp,Kelly Lyon,2016-09-02 10:21:35
New mural brightens downtown,http://registerguard.com/rg/video/34753996-319/new-mural-brightens-downtown.html.csp,Kelly Lyon,2016-09-01 08:12:01
"Big quilt, little quilt, colors that pop",http://registerguard.com/rg/video/34747327-319/big-quilt-little-quilt-colors-that-pop.html.csp,,2016-08-30 12:15:30
Burpees for cancer,http://registerguard.com/rg/video/34746738-319/burpees-for-cancer.html.csp,Kelly Lyon,2016-08-30 08:04:01
Helfrich names starting quarterbacks,http://registerguard.com/rg/video/34738774-319/helfrich-names-starting-quarterbacks.html.csp,Chris Pietsch,2016-08-27 14:57:01
"Good Walks: Crashing, smashing beauties",http://registerguard.com/rg/video/34735714-319/good-walks-crashing-smashing-beauties.html.csp,Kim Gilbert,2016-08-26 15:10:37
Spicing it up with barrels,http://registerguard.com/rg/video/34729956-319/spicing-it-up-with-barrels.html.csp,Kelly Lyon,2016-08-25 08:59:01
Un poquito picoso,http://registerguard.com/rg/video/34728464-319/un-poquito-picoso.html.csp,Chris Pietsch,2016-08-24 11:39:00
Ducks van a España,http://registerguard.com/rg/video/34712177-319/ducks-van-a-españa.html.csp,Chris Pietsch,2016-08-19 15:00:00
Farm-fresh Rain Northwest,http://registerguard.com/rg/video/34711756-319/farm-fresh-rain-northwest.html.csp,Kelly Lyon,2016-08-19 13:45:25
Willamettans: The freedom of nudity,http://registerguard.com/rg/video/34690614-319/willamettans-the-freedom-of-nudity.html.csp,Kylie Juggert,2016-08-14 17:51:00
New children’s book keeps Bigfoot legend alive,http://registerguard.com/rg/video/34679906-319/new-childrens-book-keeps-bigfoot-legend-alive.html.csp,Kelly Lyon,2016-08-12 10:36:49
Hoopers attempt to break record,http://registerguard.com/rg/video/34677408-319/hoopers-attempt-to-break-record.html.csp,Kelly Lyon,2016-08-11 18:14:00
Oregon Ducks QB Coach Yost says competition is split,http://registerguard.com/rg/video/34671739-319/oregon-ducks-qb-coach-yost-says-competition-is-split.html.csp,Andy Nelson,2016-08-10 15:10:01
Good luck Devon Allen,http://registerguard.com/rg/video/34670211-319/good-luck-devon-allen.html.csp,Chris Pietsch,2016-08-10 08:48:00
Ballet Storybook Dance Camp,http://registerguard.com/rg/video/34668234-319/ballet-storybook-dance-camp.html.csp,Kylie Juggert,2016-08-09 19:06:00
Oregon football: The quarterback battle,http://registerguard.com/rg/video/34663154-319/oregon-football-the-quarterback-battle.html.csp,Chris Pietsch and Kelly Lyon,2016-08-08 16:59:01
Oregon Ducks football media day,http://registerguard.com/rg/video/34662077-319/2016-oregon-ducks-football-media-day.html.csp?autoStart=true,Kelly Lyon,2016-08-08 13:10:01
Flower power fiber arts,http://registerguard.com/rg/video/34651295-319/flower-power-fiber-arts.html.csp,,2016-08-05 18:03:57
Flavors of Scandinavia,http://registerguard.com/rg/video/34649668-319/flavors-of-scandinavia.html.csp,Collin Andrew,2016-08-05 12:45:49
The Bybee Creek fire,http://registerguard.com/rg/video/34647877-319/the-bybee-creek-fire.html.csp,Brian Davies,2016-08-04 17:14:01
Soothing green August oasis,http://registerguard.com/rg/video/34647175-319/soothing-green-august-oasis.html.csp,,2016-08-04 14:16:45
Women’s Institute on Leadership and Disability,http://registerguard.com/rg/video/34639701-319/womens-institute-on-leadership-and-disability.html.csp,Kelly Lyon,2016-08-02 15:19:01
Duck Football picked third in Pac-12 North,http://registerguard.com/rg/video/34636667-319/duck-football-picked-third-in-pac-12-north.html.csp,Chris Pietsch,2016-08-01 16:47:01
KWVA rocks new studios,http://registerguard.com/rg/video/34628663-319/kwva-rocks-new-studios.html.csp,Kelly Lyon,2016-07-29 22:42:01
Ukulele Camp,http://registerguard.com/rg/video/34627555-319/ukulele-camp.html.csp,Kylie Juggert,2016-07-29 16:49:01
Athletes get excited for Summer Series,http://registerguard.com/rg/video/34624103-319/athletes-get-excited-for-summer-series.html.csp,Kelly Lyon,2016-07-28 16:50:01
Olympic Preview: Oregon's Stevens Rio bound,http://registerguard.com/rg/video/34619442-319/olympic-preview-oregons-stevens-rio-bound.html.csp,Chris Pietsch,2016-07-27 12:21:01
Olympic Preview: Devon Allen is ready for Rio,http://registerguard.com/rg/video/34615276-319/olympic-preview-devon-allen-is-ready-for-rio.html.csp,Chris Pietsch,2016-07-26 11:22:01
Olympic Preview: Washington named to 4x100 relay team,http://registerguard.com/rg/video/34613074-319/olympic-preview-washington-named-to-4x100-relay-team.html.csp,Chris Pietsch,2016-07-25 18:00:01
Pac-12 football season preview: Oregon State,http://registerguard.com/rg/video/34611962-319/pac-12-football-season-preview-oregon-state.html.csp,Chris Pietsch,2016-07-25 11:57:02
Stand-up paddleboard yoga,http://registerguard.com/rg/video/34602939-319/stand-up-paddleboard-yoga.html.csp,Collin Andrew,2016-07-22 11:32:32
The ferris wheel through a child's eyes,http://registerguard.com/rg/video/34602699-319/the-ferris-wheel-through-a-childs-eyes.html.csp,Kylie Juggert,2016-07-22 09:50:01
Building better butterfly byways,http://registerguard.com/rg/video/34598988-319/building-better-butterfly-byways.html.csp,,2016-07-21 09:29:15
Warm welcome for bats,http://registerguard.com/rg/video/34598882-319/warm-welcome-for-bats.html.csp,,2016-07-21 08:57:32
Batitat to the rescue,http://registerguard.com/rg/video/34598733-319/batitat-to-the-rescue.html.csp,Kelly Lyon,2016-07-21 07:44:32
Opening day of the fair,http://registerguard.com/rg/video/34597190-319/opening-day-of-the-fair.html.csp,Kelly Lyon,2016-07-20 19:20:01
From football to fútbol: Real grass comes to Autzen Stadium,http://registerguard.com/rg/video/34594856-319/from-football-to-fútbol-real-grass-comes-to-autzen-stadium.html.csp,Kylie Juggert,2016-07-20 09:29:02
Decked out flower garden,http://registerguard.com/rg/video/34592828-319/decked-out-flower-garden.html.csp,,2016-07-20 08:01:40
PeaceHealth Sacred Heart Medical Center in Eugene marks 80 years,http://registerguard.com/rg/video/34592877-319/peacehealth-sacred-heart-medical-center-in-eugene-marks-80-years.html.csp,Kelly Lyon,2016-07-19 17:37:03
Magical mineral of beauty,http://registerguard.com/rg/video/34591717-319/magical-mineral-of-beauty.html.csp,,2016-07-19 10:46:32
Olympian Devon Allen is excused,http://registerguard.com/rg/video/34589463-319/olympian-devon-allen-is-excused.html.csp,Chris Pietsch,2016-07-18 16:43:01
This is NOT your father's yo-yo,http://registerguard.com/rg/video/34587508-319/this-is-not-your-fathers-yo-yo.html.csp,Chris Pietsch,2016-07-18 06:55:02
Running at the front of the Pac,http://registerguard.com/rg/video/34584978-319/running-at-the-front-of-the-pac.html.csp,Chris Pietsch,2016-07-17 09:41:01
"Camp, Camera, Action!",http://registerguard.com/rg/video/34580784-319/camp-camera-action.html.csp,Kelly Lyon,2016-07-15 18:42:08
Young Women’s Fire Camp,http://registerguard.com/rg/video/34580048-319/young-womens-fire-camp.html.csp,Kylie Juggert,2016-07-15 14:59:01
Pizza perfect,http://registerguard.com/rg/video/34579194-319/pizza-perfect.html.csp,Kelly Lyon,2016-07-15 10:59:24
The Pac-12 Media Day water bottle toss,http://registerguard.com/rg/video/34578729-319/the-pac-12-media-day-water-bottle-toss.html.csp,Chris Pietsch,2016-07-15 08:02:10
Duck Football picked third in Pac-12,http://registerguard.com/rg/video/34577321-319/duck-football-picked-third-in-pac-12.html.csp,Chris Pietsch,2016-07-14 16:24:02
From Domaine Meriwether to Valhalla Winery,http://registerguard.com/rg/video/34576814-319/from-domaine-meriwether-to-valhalla-winery.html.csp,Kelly Lyon,2016-07-14 14:00:14
Bluesy Tunes and Non-GMO Tofu: The Alves Brothers,http://registerguard.com/rg/video/34565435-319/bluesy-tunes-and-non-gmo-tofu-the-alves-brothers.html.csp,Kylie Juggert,2016-07-10 16:54:01
Oregon Country Fair: Where tofu and music meet,http://registerguard.com/rg/video/34561094-319/oregon-country-fair-where-tofu-and-music-meet.html.csp,Kylie Juggert,2016-07-09 08:56:01
Christmas in June: Toilet Paper Drive,http://registerguard.com/rg/video/34556369-319/christmas-in-june-toilet-paper-drive.html.csp,Kylie Juggert,2016-07-07 21:55:43
"Upsides, downsides of urban ducks",http://registerguard.com/rg/video/34550393-319/upsides-downsides-of-urban-ducks.html.csp,,2016-07-07 08:56:57
Waste water not to waste,http://registerguard.com/rg/video/34546673-319/waste-water-not-to-waste.html.csp,,2016-07-05 09:51:20
Olympic Trials video: Oregon’s first Olympic Gold Medalist,http://registerguard.com/rg/video/34543561-319/olympic-trials-video-oregons-first-olympic-gold-medalist.html.csp,Chris Pietsch,2016-07-04 08:04:02
Olympic Trials: Honoring the past,http://registerguard.com/rg/video/34540229-319/olympic-trials-honoring-the-past.html.csp,Chris Pietsch,2016-07-02 22:18:04
The voice of Hayward Field,http://registerguard.com/rg/video/34539330-319/the-voice-of-hayward-field.html.csp,Kelly Lyon,2016-07-02 17:25:01
Playing the tasting game,http://registerguard.com/rg/video/34530748-319/playing-the-tasting-game.html.csp,Collin Andrew,2016-06-30 12:41:19
"Olympic Trials preview: Eaton, Felix and Gatlin",http://registerguard.com/rg/video/34530749-319/olympic-trials-preview-eaton-felix-and-gatlin.html.csp,Kylie Juggert,2016-06-30 12:37:01
TrackTown16 Fan Zone,http://registerguard.com/rg/video/34529870-319/tracktown16-fan-zone.html.csp,Kelly Lyon,2016-06-30 08:44:01
"Gotta-get garden plants, 2016",http://registerguard.com/rg/video/34523492-319/gotta-get-garden-plants-2016.html.csp,,2016-06-28 16:05:40
Olympic Trials preview: Galen Rupp,http://registerguard.com/rg/video/34523190-319/olympic-trials-preview-galen-rupp.html.csp,Chris Pietsch,2016-06-28 14:13:01
Good Walks: Summer rush,http://registerguard.com/rg/video/34510175-319/good-walks-summer-rush.html.csp,Kim Gilbert,2016-06-24 12:44:15
New Bethel Barn,http://registerguard.com/rg/video/34507166-319/new-bethel-barn.html.csp,Kelly Lyon,2016-06-23 17:09:01
World War II-era aircraft visit Eugene,http://registerguard.com/rg/video/34499385-319/world-war-ii-era-aircraft-visit-eugene.html.csp,Andy Nelson,2016-06-21 16:36:01
Restriping opinions,http://registerguard.com/rg/video/34488875-319/restriping-opinions.html.csp,Kelly Lyon,2016-06-18 08:26:32
"A garden: paradox, paradise",http://registerguard.com/rg/video/34486504-319/a-garden-paradox-paradise.html.csp,,2016-06-17 13:59:42
Aim higher for summer produce,http://registerguard.com/rg/video/34486469-319/aim-higher-for-summer-produce.html.csp,,2016-06-17 13:48:00
The soda king of Cottage Grove,http://registerguard.com/rg/video/34483823-319/the-soda-king-of-cottage-grove.html.csp,Kelly Lyon,2016-06-16 17:16:57
Shooting update from near the UCC shooting scene,http://registerguard.com/rg/video/34483287-319/shooting-update-from-near-the-ucc-shooting-scene.html.csp,Chelsea Gorrow,2016-06-16 14:36:47
Trump vs. Media,http://registerguard.com/rg/video/34483243-319/trump-vs.-media.csp,Chris Pietsch,2016-06-16 14:27:01
"Artificial lawn, Autzen style",http://registerguard.com/rg/video/34482360-319/artificial-lawn-autzen-style.html.csp,,2016-06-16 10:18:34
Garden tour in apple-pie country,http://registerguard.com/rg/video/34479691-319/garden-tour-in-apple-pie-country.html.csp,,2016-06-15 15:05:07
Douglas fir meltdown,http://registerguard.com/rg/video/34471401-319/douglas-fir-meltdown.html.csp,,2016-06-13 10:06:49
‘Music in Garden’ tour returns Sunday,http://registerguard.com/rg/video/34458029-319/music-in-garden-tour-returns-sunday.html.csp,,2016-06-09 10:04:28
